file,rows_in,drop_short,drop_iat,rate_inf,std_nan,rows_out,sec,label
BenignTraffic1_meta.csv,295489,1,0,0,0,295488,13.1,0
BenignTraffic2_meta.csv,310319,1,0,0,0,310318,12.6,0
BenignTraffic3_meta.csv,129795,1,0,0,0,129794,4.6,0
BenignTraffic_meta.csv,362278,1,0,0,0,362277,15.0,0
DDoS-ACK_Fragmentation_meta.csv,249836,1,0,0,0,249835,5.1,1
DDoS-HTTP_Flood-_meta.csv,287559,0,1,0,0,287558,8.7,1
DDoS-ICMP_Flood_meta.csv,2679086,1,0,0,0,2679085,32.6,1
DDoS-ICMP_Fragmentation_meta.csv,205967,1,0,0,0,205966,4.6,1
DDoS-PSHACK_Flood_meta.csv,2677112,1,0,0,0,2677111,32.6,1
DDoS-RSTFINFlood_meta.csv,2668315,1,0,0,0,2668314,34.0,1
DDoS-SlowLoris_meta.csv,233903,1,0,0,0,233902,10.2,1
DDoS-SYN_Flood_meta.csv,2659333,181,0,20,0,2659152,39.2,1
DDoS-SynonymousIP_Flood_meta.csv,2685243,1,0,0,0,2685242,34.0,1
DDoS-TCP_Flood_meta.csv,2656703,0,0,0,0,2656703,33.4,1
DDoS-UDP_Flood_meta.csv,2665025,0,0,0,0,2665025,33.1,1
DDoS-UDP_Fragmentation_meta.csv,224381,1,0,0,0,224380,4.3,1
