cand,eval,test_subset,top_k,n_estimators,max_depth,n,accuracy,precision,recall,f1,f1_macro,majority_baseline_acc,infer_us_per_sample,infer_samples_per_sec,model_mb,total_nodes,train_sec
base,time,all,38,100,,6297039,0.991985280700977,0.9996272980612406,0.9919127660562058,0.9957550903547804,0.9620727042272484,0.9476957344555116,8.860587999224663,112859.32717868206,95.187001,1089338,109.3733081817627
base,time,camera,38,100,,1568271,0.9713161819608984,0.9991268301945934,0.9648222454795652,0.9816749362468328,0.9578464829995754,0.7963094388661144,12.805994000518696,78088.43264798468,95.187001,1089338,109.3733081817627
base,time,audio,38,100,,4037863,0.9934839294943884,0.9997193563528066,0.9935464143334544,0.9966233268553124,0.9519465436159996,0.967853540350428,8.090662000468,123599.28024952166,95.187001,1089338,109.3733081817627
base,time,echo_dot1,38,100,,51043,0.8401935622906177,0.9889610930600684,0.750513704043246,0.853394201908733,0.8388873392905346,0.6197323825010286,18.296716495746413,54654.6152274086,95.187001,1089338,109.3733081817627
base,time,amcrest,38,100,,1143162,0.9985986238170969,0.9999426350459272,0.9986452993562308,0.9992935461338188,0.9567207280508324,0.9924822553583832,6.4841889997478575,154221.2912114199,95.187001,1089338,109.3733081817627
base,LOAO-SlowLoris,all,38,100,,563264,0.8092422025906147,0.9859429880181072,0.5484519157595916,0.7048280977432249,0.7819582009057418,0.5847382399727303,35.61765899998136,28075.960859766878,43.758681,446484,109.2297933101654
base,LOAO-SlowLoris,camera,38,100,,498620,0.7988127231157996,0.9906916548445706,0.4443067787339964,0.6134794402317982,0.7387476799480269,0.6406522000721993,36.55022199964151,27359.61494323641,43.758681,446484,109.2297933101654
base,LOAO-SlowLoris,audio,38,100,,191565,0.8106700075692324,0.9666483617060224,0.4275120624332114,0.5928354120592296,0.7347468507756301,0.6775924620885861,38.127675999421626,26227.667272853698,43.758681,446484,109.2297933101654
base,LOAO-SlowLoris,echo_dot1,38,100,,22487,0.8809089696268956,0.6985074626865672,0.2281442963925901,0.3439490445859872,0.6392297311357991,0.8631653844443457,39.11630720192197,25564.78541897905,43.758681,446484,109.2297933101654
base,LOAO-SlowLoris,amcrest,38,100,,19123,0.8518537886314909,0.9911922389583864,0.7374869408300884,0.8457223765179982,0.8516194239377196,0.5505935261203786,32.90491031357848,30390.60099146789,43.758681,446484,109.2297933101654
base,LOAO-SYN,all,38,100,,2988514,0.9980843322132672,0.9987575360793852,0.9990899354380643,0.9989237081066306,0.9951104854053634,0.8897907120394952,18.677186999702823,53541.253295579845,104.203481,1202044,106.01332592964172
base,LOAO-SYN,camera,38,100,,644597,0.9939900433914524,0.9945295303769606,0.993550768095216,0.9940399083062816,0.9939896226783692,0.5044314509685897,35.85945399943739,27886.648804404253,104.203481,1202044,106.01332592964172
base,LOAO-SYN,audio,38,100,,2501817,0.998580231887464,0.9992685287773848,0.9992339842850844,0.9992512562326804,0.9927866521143688,0.948116508921316,11.306922000367194,88441.39899147839,104.203481,1202044,106.01332592964172
base,LOAO-SYN,echo_dot1,38,100,,816586,0.9991537939665878,0.9994218761560908,0.9997114815298002,0.9995666578660376,0.9908300002642272,0.976230305197493,10.161450000014156,98411.15195160208,104.203481,1202044,106.01332592964172
base,LOAO-SYN,amcrest,38,100,,302649,0.9993656017366652,0.9995885823090392,0.9997585485708456,0.9996735582154516,0.994235191991376,0.9716040694005268,9.884872999973595,101164.67859553391,104.203481,1202044,106.01332592964172
c1,time,all,38,20,,6297039,0.9916900625833824,0.9996219482839442,0.9916064492096338,0.9955980659351308,0.9607697537392872,0.9476957344555116,1.9843390001915395,503946.1502815166,25.444921,217946,30.51820182800293
c1,time,camera,38,20,,1568271,0.9701824493343306,0.9990534289536156,0.9634681769882024,0.9809381797310914,0.9562546279227508,0.7963094388661144,3.2052299997303635,311990.0912209495,25.444921,217946,30.51820182800293
c1,time,audio,38,20,,4037863,0.9933660453561698,0.999706454373096,0.9934374088422387,0.99656207257727,0.95113958200812,0.967853540350428,1.5351700002793225,651393.6566100505,25.444921,217946,30.51820182800293
c1,time,echo_dot1,38,20,,51043,0.8394099092921654,0.9884128042680894,0.749660165017545,0.852638202247191,0.8381053304342001,0.6197323825010286,5.181470527050088,192995.40444733927,25.444921,217946,30.51820182800293
c1,time,amcrest,38,20,,1143162,0.998570631284105,0.9999391036050664,0.9986206203594672,0.9992794270695524,0.9559124602699508,0.9924822553583832,2.2663960000500083,441229.15853096056,25.444921,217946,30.51820182800293
c1,LOAO-SlowLoris,all,38,20,,563264,0.8075058942165663,0.9856785650696333,0.5443604586536241,0.7013735302785344,0.7796767828090788,0.5847382399727303,4.625996999675408,216169.61707285303,15.141241,89150,27.81054377555847
c1,LOAO-SlowLoris,camera,38,20,,498620,0.7971882395411335,0.9895752314524424,0.4402493609706548,0.6093892433910666,0.7362133635354244,0.6406522000721993,3.791946000419557,263716.8356008645,15.141241,89150,27.81054377555847
c1,LOAO-SlowLoris,audio,38,20,,191565,0.8093649675045024,0.9641451844224616,0.4245005019267511,0.5894665842279805,0.7326630958022711,0.6775924620885861,4.2965629999525845,232744.1724957916,15.141241,89150,27.81054377555847
c1,LOAO-SlowLoris,echo_dot1,38,20,,22487,0.8783297016053719,0.6637848222862632,0.2245693857653558,0.3355998057309373,0.634316448782837,0.8631653844443457,4.190292164698914,238646.8438703374,15.141241,89150,27.81054377555847
c1,LOAO-SlowLoris,amcrest,38,20,,19123,0.8502327040736286,0.9910313901345292,0.7346376673948143,0.8437874986364132,0.8499773170160773,0.5505935261203786,3.2365371557436204,308972.1983340686,15.141241,89150,27.81054377555847
c1,LOAO-SYN,all,38,20,,2988514,0.9980394938755516,0.998714349996786,0.999082790303074,0.9988985361754448,0.9949954008477822,0.8897907120394952,3.4393430000636727,290753.2048945066,27.195801,239832,30.2401340007782
c1,LOAO-SYN,camera,38,20,,644597,0.9937728534262492,0.9941436603507648,0.9935077117067244,0.9938255842929264,0.9937723992139902,0.5044314509685897,5.225540999090299,191367.7454973729,27.195801,239832,30.2401340007782
c1,LOAO-SYN,audio,38,20,,2501817,0.9985818307254288,0.9992777917375664,0.9992263957969894,0.999252093106398,0.9927958241667024,0.948116508921316,1.4400669990573078,694412.1354455153,27.195801,239832,30.2401340007782
c1,LOAO-SYN,echo_dot1,38,20,,816586,0.999164815463405,0.9994519469053184,0.9996926651078306,0.9995722915140628,0.9909583524464796,0.976230305197493,1.2932559999171644,773242.1114335073,27.195801,239832,30.2401340007782
c1,LOAO-SYN,amcrest,38,20,,302649,0.99937551420953,0.9996191642014348,0.9997381442247198,0.9996786506728784,0.9943300849703224,0.9716040694005268,1.6065269999671727,622460.7491940276,27.195801,239832,30.2401340007782
c2,time,all,38,10,,6297039,0.9913854749827656,0.9996115260672092,0.9912952728507256,0.9954360304722328,0.9594288112585452,0.9476957344555116,1.0158319992478937,984414.7464742048,16.731961,109082,18.482982397079468
c2,time,camera,38,10,,1568271,0.9690429779036914,0.9990047178204567,0.9620828792412732,0.9801962306389184,0.954662906521128,0.7963094388661144,1.2238820001948625,817072.2339578352,16.731961,109082,18.482982397079468
c2,time,audio,38,10,,4037863,0.9932815947445468,0.9997035975684184,0.993352967968762,0.9965181650185452,0.950571058658229,0.967853540350428,0.9055109997279942,1104348.815531108,16.731961,109082,18.482982397079468
c2,time,echo_dot1,38,10,,51043,0.8384107517191388,0.9879397404331678,0.7483956627572472,0.8516440031656953,0.8371147527121228,0.6197323825010286,2.302654623825311,434281.3679711718,16.731961,109082,18.482982397079468
c2,time,amcrest,38,10,,1143162,0.9985303920179291,0.999935571218516,0.998583601864322,0.9992591292475488,0.9547625632350338,0.9924822553583832,0.7115960004739463,1405291.765740627,16.731961,109082,18.482982397079468
c2,LOAO-SlowLoris,all,38,10,,563264,0.8034917907056016,0.9847817191778666,0.535053141914135,0.6933786905863385,0.7743967734943653,0.5847382399727303,1.89476800034754,527769.0988113475,11.556601,44390,16.5029034614563
c2,LOAO-SlowLoris,camera,38,10,,498620,0.792916449400345,0.9891377177610556,0.4284287133465046,0.5978908507473149,0.7292206349072679,0.6406522000721993,2.197029000381008,455160.1275297597,11.556601,44390,16.5029034614563
c2,LOAO-SlowLoris,audio,38,10,,191565,0.8067757680160781,0.9640352522032628,0.416210614941226,0.5814061316113857,0.7279025513894839,0.6775924620885861,2.122500000987202,471142.52039335086,11.556601,44390,16.5029034614563
c2,LOAO-SlowLoris,echo_dot1,38,10,,22487,0.878018410637257,0.6728778467908902,0.2112447188820279,0.3215434083601286,0.6272640938113951,0.8631653844443457,1.9743051533986733,506507.31386612,11.556601,44390,16.5029034614563
c2,LOAO-SlowLoris,amcrest,38,10,,19123,0.845892380902578,0.9918266735858848,0.7260898470889923,0.8384054394911443,0.8455608585830953,0.5505935261203786,3.2119332769722897,311338.970572466,11.556601,44390,16.5029034614563
c2,LOAO-SYN,all,38,10,,2988514,0.9979809363449528,0.9986527764308047,0.9990786536459744,0.9988656696440488,0.994844869676569,0.8897907120394952,0.9160620009060948,1091629.1681249526,17.605561,120002,16.563525676727295
c2,LOAO-SYN,camera,38,10,,644597,0.9934393116939731,0.9935197145844868,0.9934738816871952,0.9934967976072396,0.9934387990077208,0.5044314509685897,2.1719689993187785,460411.7279360996,17.605561,120002,16.563525676727295
c2,LOAO-SYN,audio,38,10,,2501817,0.9985606461223984,0.9992571472176538,0.9992247094663016,0.999240928078726,0.9926870105595432,0.948116508921316,0.7301179994828999,1369641.6205438597,17.605561,120002,16.563525676727295
c2,LOAO-SYN,echo_dot1,38,10,,816586,0.999125627919166,0.9994243647947026,0.9996801208265176,0.9995522264504978,0.9905312406335772,0.976230305197493,0.6628170004114509,1508712.0568410875,17.605561,120002,16.563525676727295
c2,LOAO-SYN,amcrest,38,10,,302649,0.9993622975790436,0.9996123635621748,0.9997313427760112,0.999671849628918,0.994210086768636,0.9716040694005268,0.8597599994391203,1163115.288746124,17.605561,120002,16.563525676727295
c3,time,all,15,20,,6297039,0.9907561315723152,0.9995192011842122,0.9907225206726168,0.9951014206797318,0.956630211777486,0.9476957344555116,1.492166001116857,670166.7235760094,25.623641,220180,19.17049503326416
c3,time,camera,15,20,,1568271,0.967117290315258,0.9987261708980454,0.959930462857605,0.9789440976797228,0.9519615926974688,0.7963094388661144,2.4909739999566227,401449.39289507386,25.623641,220180,19.17049503326416
c3,time,audio,15,20,,4037863,0.9927201591534928,0.9995569414016364,0.9929184812925084,0.9962266524521624,0.9466444631810575,0.967853540350428,1.451993000227958,688708.5542719582,25.623641,220180,19.17049503326416
c3,time,echo_dot1,15,20,,51043,0.8310640048586486,0.977623713052142,0.7444440931938165,0.8452468548662084,0.829633025190033,0.6197323825010286,3.517273670858343,284311.1152496597,25.623641,220180,19.17049503326416
c3,time,amcrest,15,20,,1143162,0.9984437901189858,0.9999099729654112,0.9985219043724132,0.9992154566073416,0.9522005972478697,0.9924822553583832,1.3554970000404865,737736.7858210912,25.623641,220180,19.17049503326416
c3,LOAO-SlowLoris,all,15,20,,563264,0.7962696000454493,0.979322219361483,0.520380330223769,0.6796281303218962,0.7651372953018496,0.5847382399727303,6.480219999793917,154315.74854430897,15.385241,92200,18.733983278274536
c3,LOAO-SlowLoris,camera,15,20,,498620,0.7855220408326983,0.9833001030362232,0.4101117324671555,0.5788136694642568,0.7174718555640324,0.6406522000721993,6.524026999250054,153279.5618587954,15.385241,92200,18.733983278274536
c3,LOAO-SlowLoris,audio,15,20,,191565,0.7997755331088664,0.9372338040798028,0.4061720799196917,0.5667359479486717,0.7182699773551683,0.6775924620885861,6.806978998938575,146908.04836564529,15.385241,92200,18.733983278274536
c3,LOAO-SlowLoris,echo_dot1,15,20,,22487,0.8601858851781029,0.4731785428342674,0.1920701982450438,0.2732316227461858,0.5979423219025163,0.8631653844443457,6.950553653639733,143873.430784372,15.385241,92200,18.733983278274536
c3,LOAO-SlowLoris,amcrest,15,20,,19123,0.8304136380275061,0.9858628967724726,0.7020609744515148,0.8201031785654851,0.8298547447305886,0.5505935261203786,6.082267424729007,164412.3696262097,15.385241,92200,18.733983278274536
c3,LOAO-SYN,all,15,20,,2988514,0.9978765366332564,0.9985034407333216,0.9991109947832992,0.9988071253676276,0.994574813593104,0.8897907120394952,1.371806999668479,728965.5179202814,27.518841,243870,18.369213819503784
c3,LOAO-SYN,camera,15,20,,644597,0.9931523106685264,0.9927154413594566,0.993716842736541,0.9932158896344818,0.993151709185597,0.5044314509685897,3.367013999959454,296999.0620805385,27.518841,243870,18.369213819503784
c3,LOAO-SYN,audio,15,20,,2501817,0.9982992361151914,0.9989539444764516,0.9992525339226496,0.9991032168906306,0.991334054746354,0.948116508921316,1.2027569999918342,831423.1386778787,27.518841,243870,18.369213819503784
c3,LOAO-SYN,echo_dot1,15,20,,816586,0.9987251802014728,0.9989909056152028,0.9997039549610124,0.999347303095263,0.9860661641616808,0.976230305197493,1.030395000707358,970501.6030876584,27.518841,243870,18.369213819503784
c3,LOAO-SYN,amcrest,15,20,,302649,0.9992763894808838,0.9995036174726648,0.999751747122137,0.9996276668995874,0.993415936867848,0.9716040694005268,1.500376999611035,666499.1533856123,27.518841,243870,18.369213819503784
c4,time,all,38,20,16.0,6297039,0.990070094849341,0.9998053304912714,0.989714758355722,0.994734455426785,0.9538810749328908,0.9476957344555116,2.426186999073252,412169.3836385972,9.907625,23726,27.07956862449646
c4,time,camera,38,20,16.0,1568271,0.9648090157887252,0.999679338516384,0.956114087677336,0.977411505647226,0.948904481525328,0.7963094388661144,2.464398000156507,405778.6120328343,9.907625,23726,27.07956862449646
c4,time,audio,38,20,16.0,4037863,0.992383347330011,0.9998829357748016,0.9922465366447802,0.996050099964386,0.9448989811558206,0.967853540350428,2.3772410000674427,420655.7096952433,9.907625,23726,27.07956862449646
c4,time,echo_dot1,38,20,16.0,51043,0.82898732441275,0.9942598187311178,0.7282584642620049,0.8407203985183292,0.8280542965034173,0.6197323825010286,3.1196285467817826,320550.98387646273,9.907625,23726,27.07956862449646
c4,time,amcrest,38,20,16.0,1143162,0.9982714610877548,0.9999646852751723,0.9982936236523504,0.9991284557435473,0.947793110705561,0.9924822553583832,1.9967499992344528,500813.8226535103,9.907625,23726,27.07956862449646
c4,LOAO-SlowLoris,all,38,20,16.0,563264,0.7774471650948755,0.9899081078153492,0.4688459269266616,0.6363161620498776,0.737991193512852,0.5847382399727303,3.301748000085354,302869.8737681219,9.429545,17750,25.33521866798401
c4,LOAO-SlowLoris,camera,38,20,16.0,498620,0.7665617103204846,0.9950792524248876,0.3521247028094967,0.520176599349501,0.6829691581309763,0.6406522000721993,3.1934130005538464,313144.5885097123,9.429545,17750,25.33521866798401
c4,LOAO-SlowLoris,audio,38,20,16.0,191565,0.789695403648892,0.9792884881489088,0.3552184190926459,0.5213330957048654,0.6932890956423078,0.6775924620885861,3.29068599967286,303888.0039297016,9.429545,17750,25.33521866798401
c4,LOAO-SlowLoris,echo_dot1,38,20,16.0,22487,0.8761061946902655,0.7161961367013373,0.1566460838479038,0.2570666666666666,0.5947423377967527,0.8631653844443457,3.334717835947542,299875.4464981159,9.429545,17750,25.33521866798401
c4,LOAO-SlowLoris,amcrest,38,20,16.0,19123,0.8212100611828688,0.9954013377926422,0.6784120049387407,0.8068907088393109,0.820221558109836,0.5505935261203786,3.553945512255104,281377.41463725053,9.429545,17750,25.33521866798401
c4,LOAO-SYN,all,38,20,16.0,2988514,0.998632430699672,0.9994788991792192,0.9989838865924174,0.9992313315793324,0.9965196459969564,0.8897907120394952,1.8764340004418043,532925.7515929423,9.951465,24274,24.74257183074951
c4,LOAO-SYN,camera,38,20,16.0,644597,0.9956468925545728,0.9984444341358568,0.9929172240931248,0.9956731584709564,0.9956467321345672,0.5044314509685897,2.755947000114247,362851.6803692325,9.951465,24274,24.74257183074951
c4,LOAO-SYN,audio,38,20,16.0,2501817,0.99894636578135,0.9997485836739688,0.9991399713492416,0.9994441848578748,0.99467325121078,0.948116508921316,1.7105330002959818,584613.1000261118,9.951465,24274,24.74257183074951
c4,LOAO-SYN,echo_dot1,38,20,16.0,816586,0.9994060637826266,0.9998055209466488,0.9995860387166698,0.999695767784882,0.993629137899365,0.976230305197493,1.6754049994051456,596870.6076172931,9.951465,24274,24.74257183074951
c4,LOAO-SYN,amcrest,38,20,16.0,302649,0.9995473304058496,0.9998435427366416,0.99969053408376,0.9997670325559248,0.9959085844610996,0.9716040694005268,1.672802000539377,597799.380726207,9.951465,24274,24.74257183074951
