,importance
HTTPS,0.23724951971539077
IAT,0.11622266107447157
Rate,0.11010082816771127
syn_flag_number,0.05935193313524771
Time_To_Live,0.05906228952977966
syn_count,0.05772891509130288
ack_count,0.048454628642929834
ack_flag_number,0.04706864807979333
Header_Length,0.039383347742476725
Tot size,0.02984334278347898
Tot sum,0.028855749882844884
HTTP,0.027608523625447773
Max,0.026174282901560816
AVG,0.01857217077550663
Std,0.015302819226550543
UDP,0.012724793819868806
Variance,0.011766429593044147
TCP,0.009177382354817517
rst_flag_number,0.00915316941721495
psh_flag_number,0.008479231557075133
rst_count,0.006700386946072035
DNS,0.004678406554628295
Min,0.004305086689467218
Protocol Type,0.0031798524018226975
fin_count,0.0026721543263105558
fin_flag_number,0.0016804435539486543
IPv,0.0011707741681852668
ARP,0.0011480551608108777
ICMP,0.0011104545223707262
DHCP,0.0003292106055637336
ece_flag_number,0.0002385585984908508
SSH,0.00018875882617572456
IGMP,0.00017182637775956325
cwr_flag_number,0.00013216813144385108
IRC,1.3196020435781528e-05
SMTP,0.0
Telnet,0.0
Number,0.0
