n,n_benign,n_ddos,accuracy,precision,recall,f1,f1_macro,majority_baseline_acc,tn,fp,fn,tp,infer_samples,infer_total_ms,infer_us_per_sample,infer_samples_per_sec,sweep,top_k,n_estimators,max_depth,min_leaf,train_subset,test_subset,train_rows,train_sec,model_mb,features,n_trees,total_nodes,tree_max_depth
6297039,329362,5967677,0.9901968210773349,0.9995038746157693,0.9901472549536444,0.9948035643620697,0.9542084220817331,0.9476957344555116,326429,2933,58798,5908879,100000,151.83029999025166,1.5183029999025166,658630.0626845929,trees,15,10,0,1,all,all,1000000,14.085635423660278,16.813881,Tot size;Tot sum;AVG;HTTPS;Max;IAT;Variance;ack_flag_number;ack_count;Std;Rate;Header_Length;Min;Time_To_Live;syn_flag_number,10,110106,77
1568271,319442,1248829,0.96498117991087,0.9986326245589651,0.9573344308948623,0.9775475436966198,0.9490078822187651,0.7963094388661144,317805,1637,53282,1195547,100000,222.0597000559792,2.220597000559792,450329.3482554058,trees,15,10,0,1,all,camera,1000000,14.085635423660278,16.813881,Tot size;Tot sum;AVG;HTTPS;Max;IAT;Variance;ack_flag_number;ack_count;Std;Rate;Header_Length;Min;Time_To_Live;syn_flag_number,10,110106,77
4037863,129803,3908060,0.9925641360293799,0.9995519788288743,0.9927621377358588,0.9961454883342129,0.945609551399601,0.9678535403504279,128064,1739,28286,3879774,100000,141.7145999148488,1.417145999148488,705643.5967789233,trees,15,10,0,1,all,audio,1000000,14.085635423660278,16.813881,Tot size;Tot sum;AVG;HTTPS;Max;IAT;Variance;ack_flag_number;ack_count;Std;Rate;Header_Length;Min;Time_To_Live;syn_flag_number,10,110106,77
6297039,329362,5967677,0.9907561315723151,0.9995192011842122,0.9907225206726168,0.9951014206797318,0.9566302117774859,0.9476957344555116,326518,2844,55365,5912312,100000,293.93839999102056,2.9393839999102056,340207.3359692196,trees,15,20,0,1,all,all,1000000,23.916344165802002,25.623641,Tot size;Tot sum;AVG;HTTPS;Max;IAT;Variance;ack_flag_number;ack_count;Std;Rate;Header_Length;Min;Time_To_Live;syn_flag_number,20,220180,77
1568271,319442,1248829,0.9671172903152581,0.9987261708980454,0.959930462857605,0.9789440976797228,0.9519615926974687,0.7963094388661144,317913,1529,50040,1198789,100000,429.2031000368297,4.292031000368297,232989.9294562855,trees,15,20,0,1,all,camera,1000000,23.916344165802002,25.623641,Tot size;Tot sum;AVG;HTTPS;Max;IAT;Variance;ack_flag_number;ack_count;Std;Rate;Header_Length;Min;Time_To_Live;syn_flag_number,20,220180,77
4037863,129803,3908060,0.9927201591534929,0.9995569414016365,0.9929184812925083,0.9962266524521625,0.9466444631810575,0.9678535403504279,128083,1720,27675,3880385,100000,271.1561999749392,2.7115619997493923,368791.1248543909,trees,15,20,0,1,all,audio,1000000,23.916344165802002,25.623641,Tot size;Tot sum;AVG;HTTPS;Max;IAT;Variance;ack_flag_number;ack_count;Std;Rate;Header_Length;Min;Time_To_Live;syn_flag_number,20,220180,77
6297039,329362,5967677,0.9906344870978249,0.9995353554277351,0.9905780758576579,0.9950365577823366,0.9561150553720312,0.9476957344555116,326614,2748,56227,5911450,100000,719.5013000164181,7.195013000164181,138985.1554093344,trees,15,50,0,1,all,all,1000000,48.281614542007446,52.119801,Tot size;Tot sum;AVG;HTTPS;Max;IAT;Variance;ack_flag_number;ack_count;Std;Rate;Header_Length;Min;Time_To_Live;syn_flag_number,50,551238,77
1568271,319442,1248829,0.9665593510305298,0.998802591938175,0.9591553367194388,0.9785775499716922,0.951200647349512,0.7963094388661144,318006,1436,51008,1197821,100000,1039.1097000101581,10.391097000101581,96236.229917806,trees,15,50,0,1,all,camera,1000000,48.281614542007446,52.119801,Tot size;Tot sum;AVG;HTTPS;Max;IAT;Variance;ack_flag_number;ack_count;Std;Rate;Header_Length;Min;Time_To_Live;syn_flag_number,50,551238,77
4037863,129803,3908060,0.9927513637783154,0.999576000822239,0.9929317871271168,0.9962428160818101,0.9468771112865464,0.9678535403504279,128157,1646,27623,3880437,100000,647.6083999732509,6.476083999732509,154414.30346507308,trees,15,50,0,1,all,audio,1000000,48.281614542007446,52.119801,Tot size;Tot sum;AVG;HTTPS;Max;IAT;Variance;ack_flag_number;ack_count;Std;Rate;Header_Length;Min;Time_To_Live;syn_flag_number,50,551238,77
6297039,329362,5967677,0.9908183830527332,0.9995335885551185,0.9907739644756243,0.9951345003452395,0.9569096343149048,0.9476957344555116,326603,2759,55058,5912619,100000,1465.4607999837026,14.654607999837026,68237.92216148811,trees,15,100,0,1,all,all,1000000,88.03200674057007,96.554361,Tot size;Tot sum;AVG;HTTPS;Max;IAT;Variance;ack_flag_number;ack_count;Std;Rate;Header_Length;Min;Time_To_Live;syn_flag_number,100,1106430,77
1568271,319442,1248829,0.9673181484577602,0.9988179068370636,0.9600946166368655,0.9790735256050648,0.9522502794619242,0.7963094388661144,318023,1419,49835,1198994,100000,2091.0333999199793,20.910333999199793,47823.243762546714,trees,15,100,0,1,all,camera,1000000,88.03200674057007,96.554361,Tot size;Tot sum;AVG;HTTPS;Max;IAT;Variance;ack_flag_number;ack_count;Std;Rate;Header_Length;Min;Time_To_Live;syn_flag_number,100,1106430,77
4037863,129803,3908060,0.9927803395013649,0.999572153118182,0.9929655634765076,0.996257905674885,0.9470632148086024,0.9678535403504279,128142,1661,27491,3880569,100000,1444.6286000311375,14.446286000311375,69221.94396389813,trees,15,100,0,1,all,audio,1000000,88.03200674057007,96.554361,Tot size;Tot sum;AVG;HTTPS;Max;IAT;Variance;ack_flag_number;ack_count;Std;Rate;Header_Length;Min;Time_To_Live;syn_flag_number,100,1106430,77
6297039,329362,5967677,0.9918048784516024,0.9996262138759273,0.9917234126444846,0.9956591318684322,0.9612770934273702,0.9476957344555116,327149,2213,49392,5918285,100000,147.2954999189824,1.4729549991898239,678907.3668578025,trees,38,10,0,1,all,all,1000000,15.530852317810059,16.702361,Tot size;Tot sum;AVG;HTTPS;Max;IAT;Variance;ack_flag_number;ack_count;Std;Rate;Header_Length;Min;Time_To_Live;syn_flag_number;syn_count;HTTP;UDP;TCP;fin_flag_number;psh_flag_number;rst_flag_number;Protocol Type;rst_count;fin_count;ICMP;DNS;ARP;IPv;DHCP;ece_flag_number;SSH;IGMP;cwr_flag_number;IRC;SMTP;Telnet;Number,10,108712,79
1568271,319442,1248829,0.9706900146722091,0.9990068508210282,0.9641512168599544,0.9812696050586655,0.9569579061433386,0.7963094388661144,318245,1197,44769,1204060,100000,223.47199998330325,2.2347199998330325,447483.3536526792,trees,38,10,0,1,all,camera,1000000,15.530852317810059,16.702361,Tot size;Tot sum;AVG;HTTPS;Max;IAT;Variance;ack_flag_number;ack_count;Std;Rate;Header_Length;Min;Time_To_Live;syn_flag_number;syn_count;HTTP;UDP;TCP;fin_flag_number;psh_flag_number;rst_flag_number;Protocol Type;rst_count;fin_count;ICMP;DNS;ARP;IPv;DHCP;ece_flag_number;SSH;IGMP;cwr_flag_number;IRC;SMTP;Telnet;Number,10,108712,79
4037863,129803,3908060,0.9933217149764616,0.9997144190320015,0.9933836737409354,0.9965389921056266,0.9508532472924653,0.9678535403504279,128694,1109,25857,3882203,100000,132.20890006050467,1.3220890006050467,756378.7305864851,trees,38,10,0,1,all,audio,1000000,15.530852317810059,16.702361,Tot size;Tot sum;AVG;HTTPS;Max;IAT;Variance;ack_flag_number;ack_count;Std;Rate;Header_Length;Min;Time_To_Live;syn_flag_number;syn_count;HTTP;UDP;TCP;fin_flag_number;psh_flag_number;rst_flag_number;Protocol Type;rst_count;fin_count;ICMP;DNS;ARP;IPv;DHCP;ece_flag_number;SSH;IGMP;cwr_flag_number;IRC;SMTP;Telnet;Number,10,108712,79
6297039,329362,5967677,0.9919277933644686,0.999635882035237,0.9918435598977625,0.995724475947391,0.9618243049491919,0.9476957344555116,327206,2156,48675,5919002,100000,290.7541000749916,2.907541000749916,343933.241093446,trees,38,20,0,1,all,all,1000000,26.491637468338013,25.488761,Tot size;Tot sum;AVG;HTTPS;Max;IAT;Variance;ack_flag_number;ack_count;Std;Rate;Header_Length;Min;Time_To_Live;syn_flag_number;syn_count;HTTP;UDP;TCP;fin_flag_number;psh_flag_number;rst_flag_number;Protocol Type;rst_count;fin_count;ICMP;DNS;ARP;IPv;DHCP;ece_flag_number;SSH;IGMP;cwr_flag_number;IRC;SMTP;Telnet;Number,20,218494,79
1568271,319442,1248829,0.9710987450510785,0.9990686294837238,0.9646052421908844,0.9815345116209337,0.9575359807999457,0.7963094388661144,318319,1123,44202,1204627,100000,446.1185000836849,4.461185000836849,224155.6895337036,trees,38,20,0,1,all,camera,1000000,26.491637468338013,25.488761,Tot size;Tot sum;AVG;HTTPS;Max;IAT;Variance;ack_flag_number;ack_count;Std;Rate;Header_Length;Min;Time_To_Live;syn_flag_number;syn_count;HTTP;UDP;TCP;fin_flag_number;psh_flag_number;rst_flag_number;Protocol Type;rst_count;fin_count;ICMP;DNS;ARP;IPv;DHCP;ece_flag_number;SSH;IGMP;cwr_flag_number;IRC;SMTP;Telnet;Number,20,218494,79
4037863,129803,3908060,0.9933870960951374,0.9997131517108158,0.9934525058468908,0.9965729962577868,0.9512891734316251,0.9678535403504279,128689,1114,25588,3882472,100000,259.6391000552103,2.596391000552103,385150.0023638033,trees,38,20,0,1,all,audio,1000000,26.491637468338013,25.488761,Tot size;Tot sum;AVG;HTTPS;Max;IAT;Variance;ack_flag_number;ack_count;Std;Rate;Header_Length;Min;Time_To_Live;syn_flag_number;syn_count;HTTP;UDP;TCP;fin_flag_number;psh_flag_number;rst_flag_number;Protocol Type;rst_count;fin_count;ICMP;DNS;ARP;IPv;DHCP;ece_flag_number;SSH;IGMP;cwr_flag_number;IRC;SMTP;Telnet;Number,20,218494,79
6297039,329362,5967677,0.9919498672312494,0.9996347092729971,0.9918680250288345,0.9957362224606502,0.9619209271828986,0.9476957344555116,327199,2163,48529,5919148,100000,743.4514999622479,7.434514999622479,134507.7654764002,trees,38,50,0,1,all,all,1000000,55.339219093322754,51.664121,Tot size;Tot sum;AVG;HTTPS;Max;IAT;Variance;ack_flag_number;ack_count;Std;Rate;Header_Length;Min;Time_To_Live;syn_flag_number;syn_count;HTTP;UDP;TCP;fin_flag_number;psh_flag_number;rst_flag_number;Protocol Type;rst_count;fin_count;ICMP;DNS;ARP;IPv;DHCP;ece_flag_number;SSH;IGMP;cwr_flag_number;IRC;SMTP;Telnet;Number,50,545542,85
1568271,319442,1248829,0.9710974697612849,0.9991075383153044,0.9645660054338905,0.9815329745612417,0.957538423432772,0.7963094388661144,318366,1076,44251,1204578,100000,1111.8525000056252,11.118525000056252,89939.98754285669,trees,38,50,0,1,all,camera,1000000,55.339219093322754,51.664121,Tot size;Tot sum;AVG;HTTPS;Max;IAT;Variance;ack_flag_number;ack_count;Std;Rate;Header_Length;Min;Time_To_Live;syn_flag_number;syn_count;HTTP;UDP;TCP;fin_flag_number;psh_flag_number;rst_flag_number;Protocol Type;rst_count;fin_count;ICMP;DNS;ARP;IPv;DHCP;ece_flag_number;SSH;IGMP;cwr_flag_number;IRC;SMTP;Telnet;Number,50,545542,85
4037863,129803,3908060,0.9934579256403697,0.9997144594735858,0.9935244085300635,0.9966098223262502,0.9517657503338204,0.9678535403504279,128694,1109,25307,3882753,100000,653.1335000181571,6.531335000181571,153108.0552401921,trees,38,50,0,1,all,audio,1000000,55.339219093322754,51.664121,Tot size;Tot sum;AVG;HTTPS;Max;IAT;Variance;ack_flag_number;ack_count;Std;Rate;Header_Length;Min;Time_To_Live;syn_flag_number;syn_count;HTTP;UDP;TCP;fin_flag_number;psh_flag_number;rst_flag_number;Protocol Type;rst_count;fin_count;ICMP;DNS;ARP;IPv;DHCP;ece_flag_number;SSH;IGMP;cwr_flag_number;IRC;SMTP;Telnet;Number,50,545542,85
6297039,329362,5967677,0.9918730057095089,0.9996488566559905,0.9917728456148012,0.9956952764457532,0.9615907624807498,0.9476957344555116,327283,2079,49097,5918580,100000,1477.3649999406189,14.773649999406189,67688.0797934291,trees,38,100,0,1,all,all,1000000,102.47578382492065,95.319001,Tot size;Tot sum;AVG;HTTPS;Max;IAT;Variance;ack_flag_number;ack_count;Std;Rate;Header_Length;Min;Time_To_Live;syn_flag_number;syn_count;HTTP;UDP;TCP;fin_flag_number;psh_flag_number;rst_flag_number;Protocol Type;rst_count;fin_count;ICMP;DNS;ARP;IPv;DHCP;ece_flag_number;SSH;IGMP;cwr_flag_number;IRC;SMTP;Telnet;Number,100,1090988,85
1568271,319442,1248829,0.9708118048475041,0.9991395104918316,0.9641760401143792,0.9813464539109691,0.9571426043956568,0.7963094388661144,318405,1037,44738,1204091,100000,2224.1461999947205,22.241461999947205,44961.073152582045,trees,38,100,0,1,all,camera,1000000,102.47578382492065,95.319001,Tot size;Tot sum;AVG;HTTPS;Max;IAT;Variance;ack_flag_number;ack_count;Std;Rate;Header_Length;Min;Time_To_Live;syn_flag_number;syn_count;HTTP;UDP;TCP;fin_flag_number;psh_flag_number;rst_flag_number;Protocol Type;rst_count;fin_count;ICMP;DNS;ARP;IPv;DHCP;ece_flag_number;SSH;IGMP;cwr_flag_number;IRC;SMTP;Telnet;Number,100,1090988,85
4037863,129803,3908060,0.9934534678368235,0.9997203768064148,0.9935139173912376,0.9966074843766404,0.9517433690571465,0.9678535403504279,128717,1086,25348,3882712,100000,1323.1099999975413,13.231099999975413,75579.50586133113,trees,38,100,0,1,all,audio,1000000,102.47578382492065,95.319001,Tot size;Tot sum;AVG;HTTPS;Max;IAT;Variance;ack_flag_number;ack_count;Std;Rate;Header_Length;Min;Time_To_Live;syn_flag_number;syn_count;HTTP;UDP;TCP;fin_flag_number;psh_flag_number;rst_flag_number;Protocol Type;rst_count;fin_count;ICMP;DNS;ARP;IPv;DHCP;ece_flag_number;SSH;IGMP;cwr_flag_number;IRC;SMTP;Telnet;Number,100,1090988,85
