file,mac,packets
DDoS-ACK_Fragmentation.pcap,44:01:bb:ec:10:4a,2191
DDoS-ACK_Fragmentation.pcap,3c:18:a0:41:c3:a0,82483
DDoS-ACK_Fragmentation.pcap,44:bb:3b:00:39:07,6011
DDoS-ACK_Fragmentation.pcap,ff:ff:ff:ff:ff:ff,23236
DDoS-ACK_Fragmentation.pcap,50:02:91:10:09:8f,723
DDoS-ACK_Fragmentation.pcap,18:69:d8:eb:d4:3e,1129
DDoS-ACK_Fragmentation.pcap,10:5a:17:97:a5:c6,1389
DDoS-ACK_Fragmentation.pcap,70:ee:50:6b:a8:1a,1483
DDoS-ACK_Fragmentation.pcap,b0:09:da:3e:82:6c,899
DDoS-ACK_Fragmentation.pcap,c0:e7:bf:0a:79:d1,898
DDoS-ACK_Fragmentation.pcap,c4:dd:57:0c:39:94,928
DDoS-ACK_Fragmentation.pcap,01:00:5e:7f:ff:fa,805
DDoS-ACK_Fragmentation.pcap,68:57:2d:56:ac:47,247
DDoS-ACK_Fragmentation.pcap,33:33:00:01:00:03,412
DDoS-ACK_Fragmentation.pcap,01:00:5e:00:00:fc,359
DDoS-ACK_Fragmentation.pcap,cc:f4:11:9c:d0:00,4456
DDoS-ACK_Fragmentation.pcap,b8:f0:09:03:9a:af,884
DDoS-ACK_Fragmentation.pcap,7c:78:b2:86:0d:81,1959
DDoS-ACK_Fragmentation.pcap,50:02:91:10:ac:d8,759
DDoS-ACK_Fragmentation.pcap,c4:dd:57:13:07:c6,759
DDoS-ACK_Fragmentation.pcap,24:a1:60:14:7f:f9,918
DDoS-ACK_Fragmentation.pcap,1c:9d:c2:8c:9a:94,984
DDoS-ACK_Fragmentation.pcap,01:80:c2:00:00:00,1090
DDoS-ACK_Fragmentation.pcap,00:a3:d1:07:6f:03,1713
DDoS-ACK_Fragmentation.pcap,a0:d0:dc:c4:08:ff,28609
DDoS-ACK_Fragmentation.pcap,2c:71:ff:05:f1:15,17482
DDoS-ACK_Fragmentation.pcap,10:2c:6b:1b:43:be,1644
DDoS-ACK_Fragmentation.pcap,1c:fe:2b:98:16:dd,14533
DDoS-ACK_Fragmentation.pcap,84:e3:42:42:ed:0b,1937
DDoS-ACK_Fragmentation.pcap,e8:1b:69:f8:d4:e3,404
DDoS-ACK_Fragmentation.pcap,84:7a:b6:64:62:58,1022
DDoS-ACK_Fragmentation.pcap,2c:d2:6b:66:d2:87,873
DDoS-ACK_Fragmentation.pcap,b8:f0:09:03:29:79,837
DDoS-ACK_Fragmentation.pcap,d4:a6:51:76:06:64,477
DDoS-ACK_Fragmentation.pcap,d4:a6:51:21:6c:29,571
DDoS-ACK_Fragmentation.pcap,50:02:91:1a:ce:e1,748
DDoS-ACK_Fragmentation.pcap,d4:a6:51:20:91:d1,601
DDoS-ACK_Fragmentation.pcap,50:02:91:b1:68:0c,96966
DDoS-ACK_Fragmentation.pcap,f4:cf:a2:34:48:6b,802
DDoS-ACK_Fragmentation.pcap,34:75:63:73:f3:36,1559
DDoS-ACK_Fragmentation.pcap,d4:a6:51:78:97:4e,560
DDoS-ACK_Fragmentation.pcap,3c:37:86:6f:b9:51,891
DDoS-ACK_Fragmentation.pcap,00:17:88:60:d6:4f,1693
DDoS-ACK_Fragmentation.pcap,08:3a:f2:1f:bc:68,1672
DDoS-ACK_Fragmentation.pcap,01:00:0c:cc:cc:cc,114
DDoS-ACK_Fragmentation.pcap,01:00:0c:00:00:00,73
DDoS-ACK_Fragmentation.pcap,08:7c:39:ce:6e:2a,5596
DDoS-ACK_Fragmentation.pcap,84:7a:b6:62:3a:6c,749
DDoS-ACK_Fragmentation.pcap,70:ee:50:68:0e:32,5043
DDoS-ACK_Fragmentation.pcap,40:5d:82:35:14:c8,13310
DDoS-ACK_Fragmentation.pcap,28:6d:97:7a:2b:2d,2803
DDoS-ACK_Fragmentation.pcap,24:05:88:30:6f:89,1296
DDoS-ACK_Fragmentation.pcap,56:4f:8a:e1:f3:2d,5155
DDoS-ACK_Fragmentation.pcap,01:00:5e:00:00:fb,948
DDoS-ACK_Fragmentation.pcap,d0:73:d5:35:fb:c8,46
DDoS-ACK_Fragmentation.pcap,33:33:00:00:00:fb,488
DDoS-ACK_Fragmentation.pcap,50:14:79:37:80:18,209
DDoS-ACK_Fragmentation.pcap,7c:a7:b0:cd:18:32,526
DDoS-ACK_Fragmentation.pcap,6c:5a:b0:44:1d:90,1825
DDoS-ACK_Fragmentation.pcap,dc:a6:32:dc:27:d5,600837
DDoS-ACK_Fragmentation.pcap,9c:8e:cd:1d:ab:9f,577351
DDoS-ACK_Fragmentation.pcap,dc:a6:32:c9:e4:d5,144043
DDoS-ACK_Fragmentation.pcap,dc:a6:32:c9:e5:a4,99234
DDoS-ACK_Fragmentation.pcap,dc:a6:32:c9:e5:ef,296701
DDoS-ACK_Fragmentation.pcap,dc:a6:32:c9:e4:ab,611977
DDoS-ACK_Fragmentation.pcap,dc:a6:32:c9:e4:90,392007
DDoS-ACK_Fragmentation.pcap,e4:5f:01:55:90:c4,223601
DDoS-ACK_Fragmentation.pcap,00:02:75:f6:e3:cb,241
DDoS-ACK_Fragmentation.pcap,28:6d:97:9e:f4:d5,2610
DDoS-ACK_Fragmentation.pcap,8c:85:80:6c:b6:47,812916
DDoS-ACK_Fragmentation.pcap,d4:81:d7:97:d0:29,78
DDoS-ACK_Fragmentation.pcap,b8:5f:98:d0:76:e6,1038
DDoS-ACK_Fragmentation.pcap,01:00:5e:7f:ff:fb,11
DDoS-ACK_Fragmentation.pcap,01:00:5e:00:00:fa,11
DDoS-ACK_Fragmentation.pcap,d4:ad:fc:29:c8:a2,795
DDoS-ACK_Fragmentation.pcap,e8:1b:69:f8:d6:e6,507
DDoS-ACK_Fragmentation.pcap,48:a6:b8:f9:1b:88,1033
DDoS-ACK_Fragmentation.pcap,33:33:00:01:00:02,37
DDoS-ACK_Fragmentation.pcap,b0:c5:54:59:2e:99,886583
DDoS-ACK_Fragmentation.pcap,5c:26:0a:28:80:77,369
DDoS-ACK_Fragmentation.pcap,33:33:00:00:00:16,264
DDoS-ACK_Fragmentation.pcap,33:33:ff:06:7e:cf,16
DDoS-ACK_Fragmentation.pcap,33:33:00:00:00:02,67
DDoS-ACK_Fragmentation.pcap,33:33:00:00:00:01,125
DDoS-ACK_Fragmentation.pcap,01:00:5e:00:00:16,89
DDoS-ACK_Fragmentation.pcap,dc:a6:32:c9:e4:c6,80
DDoS-ACK_Fragmentation.pcap,dc:a6:32:c9:e5:02,16
DDoS-ACK_Fragmentation.pcap,dc:a6:32:c9:e6:f4,103
DDoS-ACK_Fragmentation.pcap,ac:f1:08:4e:00:82,5657
DDoS-ACK_Fragmentation.pcap,33:33:ff:7a:2b:2d,246
DDoS-ACK_Fragmentation.pcap,33:33:ff:9e:f4:d5,223
DDoS-ACK_Fragmentation.pcap,33:33:ff:05:f1:15,2
DDoS-ACK_Fragmentation.pcap,33:33:ff:9c:d0:00,4
DDoS-ACK_Fragmentation.pcap,33:33:ff:89:94:d1,2
DDoS-ACK_Fragmentation.pcap,33:33:ff:cc:60:40,1
DDoS-ACK_Fragmentation.pcap,33:33:ff:ed:59:5d,1
DDoS-ACK_Fragmentation.pcap,33:33:ff:94:fc:3b,1
DDoS-ACK_Fragmentation.pcap,33:33:ff:ea:65:42,1
DDoS-ACK_Fragmentation.pcap,01:00:5e:00:00:01,1
DDoS-ACK_Fragmentation.pcap,33:33:ff:af:7c:6e,1
DDoS-ACK_Fragmentation.pcap,33:33:ff:2b:67:58,1
DDoS-ACK_Fragmentation.pcap,33:33:ff:f6:e3:cb,1
DDoS-ACK_Fragmentation.pcap,33:33:ff:c9:52:9b,1
DDoS-ACK_Fragmentation.pcap,33:33:ff:fd:e4:ff,1
DDoS-ACK_Fragmentation.pcap,33:33:ff:68:0e:32,2
DDoS-ACK_Fragmentation.pcap,33:33:ff:95:bc:a4,1
DDoS-ACK_Fragmentation.pcap,33:33:ff:6b:a8:1a,3
DDoS-ACK_Fragmentation.pcap,33:33:ff:ce:6e:2a,2
DDoS-ACK_Fragmentation.pcap,33:33:ff:59:03:6b,1
DDoS-HTTP_Flood-.pcap,1c:12:b0:9b:0c:ec,15984
DDoS-HTTP_Flood-.pcap,a0:d0:dc:c4:08:ff,27203
DDoS-HTTP_Flood-.pcap,40:5d:82:35:14:c8,11797
DDoS-HTTP_Flood-.pcap,3c:18:a0:41:c3:a0,168980
DDoS-HTTP_Flood-.pcap,44:bb:3b:00:39:07,8552
DDoS-HTTP_Flood-.pcap,00:02:75:f6:e3:cb,4687
DDoS-HTTP_Flood-.pcap,7c:a7:b0:cd:18:32,856
DDoS-HTTP_Flood-.pcap,ee:06:3b:b8:d1:df,3557
DDoS-HTTP_Flood-.pcap,08:3a:f2:1f:bc:68,638
DDoS-HTTP_Flood-.pcap,ac:17:02:05:34:27,17423
DDoS-HTTP_Flood-.pcap,7c:78:b2:86:0d:81,6401
DDoS-HTTP_Flood-.pcap,34:75:63:73:f3:36,3827
DDoS-HTTP_Flood-.pcap,ff:ff:ff:ff:ff:ff,32586
DDoS-HTTP_Flood-.pcap,50:02:91:10:ac:d8,2067
DDoS-HTTP_Flood-.pcap,c0:e7:bf:0a:79:d1,317
DDoS-HTTP_Flood-.pcap,dc:a6:32:dc:27:d5,591906
DDoS-HTTP_Flood-.pcap,2c:71:ff:05:f1:15,22031
DDoS-HTTP_Flood-.pcap,5c:26:0a:28:80:77,265
DDoS-HTTP_Flood-.pcap,01:80:c2:00:00:00,530
DDoS-HTTP_Flood-.pcap,00:a3:d1:07:6f:03,831
DDoS-HTTP_Flood-.pcap,50:02:91:10:09:8f,2148
DDoS-HTTP_Flood-.pcap,d4:a6:51:76:06:64,1271
DDoS-HTTP_Flood-.pcap,50:02:91:b1:68:0c,1976
DDoS-HTTP_Flood-.pcap,44:01:bb:ec:10:4a,35354
DDoS-HTTP_Flood-.pcap,cc:f4:11:9c:d0:00,7339
DDoS-HTTP_Flood-.pcap,84:7a:b6:64:62:58,2040
DDoS-HTTP_Flood-.pcap,70:ee:50:6b:a8:1a,2872
DDoS-HTTP_Flood-.pcap,33:33:00:00:00:02,153
DDoS-HTTP_Flood-.pcap,c4:dd:57:0c:39:94,2154
DDoS-HTTP_Flood-.pcap,d4:a6:51:78:97:4e,1252
DDoS-HTTP_Flood-.pcap,50:02:91:1a:ce:e1,2122
DDoS-HTTP_Flood-.pcap,6c:5a:b0:44:1d:90,3187
DDoS-HTTP_Flood-.pcap,48:a6:b8:f9:1b:88,1490
DDoS-HTTP_Flood-.pcap,9c:8e:cd:1d:ab:9f,687398
DDoS-HTTP_Flood-.pcap,dc:a6:32:c9:e5:a4,337492
DDoS-HTTP_Flood-.pcap,e4:5f:01:55:90:c4,374287
DDoS-HTTP_Flood-.pcap,dc:a6:32:c9:e4:90,378912
DDoS-HTTP_Flood-.pcap,dc:a6:32:c9:e4:ab,355687
DDoS-HTTP_Flood-.pcap,dc:a6:32:c9:e5:ef,290906
DDoS-HTTP_Flood-.pcap,dc:a6:32:c9:e4:d5,308836
DDoS-HTTP_Flood-.pcap,18:69:d8:eb:d4:3e,1552
DDoS-HTTP_Flood-.pcap,33:33:00:00:00:fb,2013
DDoS-HTTP_Flood-.pcap,d4:a6:51:21:6c:29,1399
DDoS-HTTP_Flood-.pcap,f4:cf:a2:34:48:6b,2162
DDoS-HTTP_Flood-.pcap,1c:fe:2b:98:16:dd,6999
DDoS-HTTP_Flood-.pcap,01:00:5e:7f:ff:fa,2185
DDoS-HTTP_Flood-.pcap,00:0c:29:1c:55:4a,4770
DDoS-HTTP_Flood-.pcap,b8:f0:09:03:9a:af,2135
DDoS-HTTP_Flood-.pcap,b8:f0:09:03:29:79,2176
DDoS-HTTP_Flood-.pcap,84:e3:42:42:ed:0b,1997
DDoS-HTTP_Flood-.pcap,c4:dd:57:13:07:c6,2037
DDoS-HTTP_Flood-.pcap,24:a1:60:14:7f:f9,2049
DDoS-HTTP_Flood-.pcap,d4:a6:51:20:91:d1,1258
DDoS-HTTP_Flood-.pcap,68:57:2d:56:ac:47,1326
DDoS-HTTP_Flood-.pcap,00:a3:d1:07:6f:47,158
DDoS-HTTP_Flood-.pcap,e8:1b:69:f8:d6:e6,773
DDoS-HTTP_Flood-.pcap,8c:85:80:6c:b6:47,2733
DDoS-HTTP_Flood-.pcap,28:6d:97:9e:f4:d5,3359
DDoS-HTTP_Flood-.pcap,ac:f1:08:4e:00:82,1340
DDoS-HTTP_Flood-.pcap,70:ee:50:68:0e:32,158380
DDoS-HTTP_Flood-.pcap,b0:c5:54:59:2e:99,410883
DDoS-HTTP_Flood-.pcap,08:7c:39:ce:6e:2a,10677
DDoS-HTTP_Flood-.pcap,3c:37:86:6f:b9:51,8922
DDoS-HTTP_Flood-.pcap,30:23:03:f3:84:2b,509
DDoS-HTTP_Flood-.pcap,50:14:79:37:80:18,120
DDoS-HTTP_Flood-.pcap,1c:9d:c2:8c:9a:94,1911
DDoS-HTTP_Flood-.pcap,24:05:88:30:6f:89,1932
DDoS-HTTP_Flood-.pcap,b0:09:da:3e:82:6b,309
DDoS-HTTP_Flood-.pcap,28:6d:97:7a:2b:2d,6044
DDoS-HTTP_Flood-.pcap,00:17:88:60:d6:4f,183049
DDoS-HTTP_Flood-.pcap,01:00:5e:00:00:16,405
DDoS-HTTP_Flood-.pcap,84:7a:b6:62:3a:6c,1070
DDoS-HTTP_Flood-.pcap,b8:5f:98:d0:76:e6,949
DDoS-HTTP_Flood-.pcap,33:33:00:01:00:02,55
DDoS-HTTP_Flood-.pcap,e8:1b:69:f8:d4:e3,1486
DDoS-HTTP_Flood-.pcap,01:00:0c:cc:cc:cc,54
DDoS-HTTP_Flood-.pcap,01:00:0c:00:00:00,35
DDoS-HTTP_Flood-.pcap,30:23:03:f3:57:cb,3139
DDoS-HTTP_Flood-.pcap,33:33:00:00:00:16,703
DDoS-HTTP_Flood-.pcap,01:00:5e:00:00:fb,3580
DDoS-HTTP_Flood-.pcap,2c:d2:6b:66:d2:87,1599
DDoS-HTTP_Flood-.pcap,d4:ad:fc:29:c8:a2,502
DDoS-HTTP_Flood-.pcap,d0:73:d5:35:fb:c8,4
DDoS-HTTP_Flood-.pcap,33:33:ff:06:7e:cf,11
DDoS-HTTP_Flood-.pcap,01:00:5e:7f:ff:fb,80
DDoS-HTTP_Flood-.pcap,01:00:5e:00:00:fa,80
DDoS-HTTP_Flood-.pcap,dc:a6:32:c9:e4:c6,280685
DDoS-HTTP_Flood-.pcap,dc:a6:32:c9:e5:02,291365
DDoS-HTTP_Flood-.pcap,dc:a6:32:c9:e6:f4,271985
DDoS-HTTP_Flood-.pcap,d4:81:d7:97:d0:29,302
DDoS-HTTP_Flood-.pcap,33:33:ff:94:83:cc,5
DDoS-HTTP_Flood-.pcap,33:33:ff:f3:84:2b,30
DDoS-HTTP_Flood-.pcap,33:33:ff:41:f3:a6,3
DDoS-HTTP_Flood-.pcap,33:33:ff:f6:e3:cb,30
DDoS-HTTP_Flood-.pcap,da:ee:29:71:bb:92,8
DDoS-HTTP_Flood-.pcap,10:5a:17:97:a5:c6,2339
DDoS-HTTP_Flood-.pcap,b0:f1:ec:d3:e7:98,341724
DDoS-HTTP_Flood-.pcap,56:4f:8a:e1:f3:2d,15482
DDoS-HTTP_Flood-.pcap,b0:09:da:3e:82:6c,682
DDoS-HTTP_Flood-.pcap,33:33:00:00:00:01,136
DDoS-HTTP_Flood-.pcap,33:33:ff:9e:f4:d5,575
DDoS-HTTP_Flood-.pcap,33:33:ff:ec:10:4a,3
DDoS-HTTP_Flood-.pcap,33:33:ff:07:c1:d4,13
DDoS-HTTP_Flood-.pcap,33:33:ff:7a:2b:2d,392
DDoS-HTTP_Flood-.pcap,33:33:00:00:00:0c,2
DDoS-HTTP_Flood-.pcap,dc:a6:32:dc:28:48,9
DDoS-HTTP_Flood-.pcap,33:33:ff:0f:19:15,1
DDoS-HTTP_Flood-.pcap,01:00:5e:00:00:01,3
DDoS-HTTP_Flood-.pcap,33:33:ff:ce:6e:2a,1
DDoS-HTTP_Flood-.pcap,33:33:ff:00:00:00,1
DDoS-HTTP_Flood-.pcap,33:33:ff:05:f1:15,1
DDoS-HTTP_Flood-.pcap,33:33:ff:68:0e:32,2
DDoS-HTTP_Flood-.pcap,33:33:ff:30:09:0b,1
DDoS-HTTP_Flood-.pcap,33:33:ff:1c:50:23,1
DDoS-HTTP_Flood-.pcap,33:33:ff:97:43:9d,1
DDoS-HTTP_Flood-.pcap,33:33:ff:0d:a9:11,1
DDoS-HTTP_Flood-.pcap,33:33:ff:26:99:4f,1
DDoS-HTTP_Flood-.pcap,33:33:ff:41:14:61,1
DDoS-HTTP_Flood-.pcap,33:33:ff:9c:d0:00,1
DDoS-HTTP_Flood-.pcap,33:33:ff:ea:69:ed,1
DDoS-ICMP_Flood.pcap,44:bb:3b:00:39:07,4124
DDoS-ICMP_Flood.pcap,3c:18:a0:41:c3:a0,79541
DDoS-ICMP_Flood.pcap,ee:06:3b:b8:d1:df,3668
DDoS-ICMP_Flood.pcap,ff:ff:ff:ff:ff:ff,22299
DDoS-ICMP_Flood.pcap,b8:f0:09:03:29:79,963
DDoS-ICMP_Flood.pcap,28:6d:97:7a:2b:2d,1837
DDoS-ICMP_Flood.pcap,70:ee:50:68:0e:32,847
DDoS-ICMP_Flood.pcap,01:80:c2:00:00:00,691
DDoS-ICMP_Flood.pcap,00:a3:d1:07:6f:03,1086
DDoS-ICMP_Flood.pcap,24:05:88:30:6f:89,737
DDoS-ICMP_Flood.pcap,50:02:91:10:09:8f,881
DDoS-ICMP_Flood.pcap,68:57:2d:56:ac:47,644
DDoS-ICMP_Flood.pcap,b8:f0:09:03:9a:af,902
DDoS-ICMP_Flood.pcap,dc:a6:32:c9:e4:c6,6
DDoS-ICMP_Flood.pcap,10:2c:6b:1b:43:be,3009
DDoS-ICMP_Flood.pcap,d4:a6:51:76:06:64,585
DDoS-ICMP_Flood.pcap,d4:a6:51:78:97:4e,613
DDoS-ICMP_Flood.pcap,ac:17:02:05:34:27,22574
DDoS-ICMP_Flood.pcap,cc:f4:11:9c:d0:00,1769
DDoS-ICMP_Flood.pcap,f4:cf:a2:34:48:6b,1057
DDoS-ICMP_Flood.pcap,2c:71:ff:05:f1:15,5003
DDoS-ICMP_Flood.pcap,08:7c:39:ce:6e:2a,3080
DDoS-ICMP_Flood.pcap,50:02:91:10:ac:d8,1065
DDoS-ICMP_Flood.pcap,1c:12:b0:9b:0c:ec,10902511
DDoS-ICMP_Flood.pcap,50:02:91:b1:68:0c,863
DDoS-ICMP_Flood.pcap,c4:dd:57:0c:39:94,1052
DDoS-ICMP_Flood.pcap,a0:d0:dc:c4:08:ff,6387
DDoS-ICMP_Flood.pcap,40:5d:82:35:14:c8,1618
DDoS-ICMP_Flood.pcap,b0:f1:ec:d3:e7:98,6007
DDoS-ICMP_Flood.pcap,70:ee:50:6b:a8:1a,1106
DDoS-ICMP_Flood.pcap,08:3a:f2:1f:bc:68,1112
DDoS-ICMP_Flood.pcap,1c:9d:c2:8c:9a:94,1183
DDoS-ICMP_Flood.pcap,d4:a6:51:21:6c:29,637
DDoS-ICMP_Flood.pcap,24:a1:60:14:7f:f9,1028
DDoS-ICMP_Flood.pcap,10:5a:17:97:a5:c6,1390
DDoS-ICMP_Flood.pcap,c4:dd:57:13:07:c6,1062
DDoS-ICMP_Flood.pcap,7c:78:b2:86:0d:81,2132
DDoS-ICMP_Flood.pcap,34:75:63:73:f3:36,1034
DDoS-ICMP_Flood.pcap,01:00:0c:cc:cc:cc,71
DDoS-ICMP_Flood.pcap,01:00:0c:00:00:00,46
DDoS-ICMP_Flood.pcap,18:69:d8:eb:d4:3e,214
DDoS-ICMP_Flood.pcap,50:02:91:1a:ce:e1,953
DDoS-ICMP_Flood.pcap,e8:1b:69:f8:d6:e6,383
DDoS-ICMP_Flood.pcap,01:00:5e:7f:ff:fa,599
DDoS-ICMP_Flood.pcap,44:01:bb:ec:10:4a,1390
DDoS-ICMP_Flood.pcap,33:33:00:00:00:02,116
DDoS-ICMP_Flood.pcap,dc:a6:32:c9:e5:ef,4197584
DDoS-ICMP_Flood.pcap,b0:09:da:3e:82:6b,406
DDoS-ICMP_Flood.pcap,ac:f1:08:4e:00:82,320
DDoS-ICMP_Flood.pcap,00:17:88:60:d6:4f,839
DDoS-ICMP_Flood.pcap,d4:a6:51:20:91:d1,624
DDoS-ICMP_Flood.pcap,c0:e7:bf:0a:79:d1,753
DDoS-ICMP_Flood.pcap,1c:fe:2b:98:16:dd,15790245
DDoS-ICMP_Flood.pcap,33:33:00:00:00:fb,257
DDoS-ICMP_Flood.pcap,d4:81:d7:97:d0:29,258
DDoS-ICMP_Flood.pcap,8c:85:80:6c:b6:47,798
DDoS-ICMP_Flood.pcap,dc:a6:32:dc:27:d5,4754582
DDoS-ICMP_Flood.pcap,dc:a6:32:c9:e4:d5,4192103
DDoS-ICMP_Flood.pcap,dc:a6:32:c9:e4:90,1747259
DDoS-ICMP_Flood.pcap,e4:5f:01:55:90:c4,4245146
DDoS-ICMP_Flood.pcap,7c:a7:b0:cd:18:32,580
DDoS-ICMP_Flood.pcap,dc:a6:32:c9:e4:ab,3053101
DDoS-ICMP_Flood.pcap,dc:a6:32:c9:e5:a4,4496383
DDoS-ICMP_Flood.pcap,33:33:00:00:00:16,212
DDoS-ICMP_Flood.pcap,5c:26:0a:28:80:77,254
DDoS-ICMP_Flood.pcap,33:33:ff:06:7e:cf,11
DDoS-ICMP_Flood.pcap,28:6d:97:9e:f4:d5,1834
DDoS-ICMP_Flood.pcap,3c:37:86:6f:b9:51,481
DDoS-ICMP_Flood.pcap,00:02:75:f6:e3:cb,96
DDoS-ICMP_Flood.pcap,9c:8e:cd:1d:ab:9f,3624
DDoS-ICMP_Flood.pcap,84:7a:b6:62:3a:6c,446
DDoS-ICMP_Flood.pcap,2c:d2:6b:66:d2:87,670
DDoS-ICMP_Flood.pcap,50:14:79:37:80:18,130
DDoS-ICMP_Flood.pcap,dc:a6:32:c9:e6:f4,10
DDoS-ICMP_Flood.pcap,33:33:ff:94:83:cc,11
DDoS-ICMP_Flood.pcap,48:a6:b8:f9:1b:88,921
DDoS-ICMP_Flood.pcap,84:7a:b6:64:62:58,683
DDoS-ICMP_Flood.pcap,b8:5f:98:d0:76:e6,1438
DDoS-ICMP_Flood.pcap,01:00:5e:00:00:fb,381
DDoS-ICMP_Flood.pcap,b0:c5:54:59:2e:99,584
DDoS-ICMP_Flood.pcap,d4:ad:fc:29:c8:a2,744
DDoS-ICMP_Flood.pcap,6c:5a:b0:44:1d:90,1178
DDoS-ICMP_Flood.pcap,01:00:5e:7f:ff:fb,6
DDoS-ICMP_Flood.pcap,01:00:5e:00:00:fa,6
DDoS-ICMP_Flood.pcap,30:23:03:f3:84:2b,529
DDoS-ICMP_Flood.pcap,33:33:00:01:00:02,23
DDoS-ICMP_Flood.pcap,e8:1b:69:f8:d4:e3,917
DDoS-ICMP_Flood.pcap,01:00:5e:00:00:16,53
DDoS-ICMP_Flood.pcap,dc:a6:32:c9:e5:02,96
DDoS-ICMP_Flood.pcap,33:33:ff:05:f1:15,2
DDoS-ICMP_Flood.pcap,01:00:5e:00:00:01,10
DDoS-ICMP_Flood.pcap,33:33:ff:9b:0c:ec,5
DDoS-ICMP_Flood.pcap,33:33:ff:9c:d0:00,2
DDoS-ICMP_Flood.pcap,d0:73:d5:35:fb:c8,8
DDoS-ICMP_Flood.pcap,33:33:ff:f6:e3:cb,1
DDoS-ICMP_Flood.pcap,33:33:ff:ce:6e:2a,1
DDoS-ICMP_Fragmentation.pcap,44:bb:3b:00:39:07,3200
DDoS-ICMP_Fragmentation.pcap,3c:18:a0:41:c3:a0,96014
DDoS-ICMP_Fragmentation.pcap,40:5d:82:35:14:c8,4659
DDoS-ICMP_Fragmentation.pcap,ff:ff:ff:ff:ff:ff,28148
DDoS-ICMP_Fragmentation.pcap,44:01:bb:ec:10:4a,2133
DDoS-ICMP_Fragmentation.pcap,1c:9d:c2:8c:9a:94,750
DDoS-ICMP_Fragmentation.pcap,33:33:00:00:00:fb,593
DDoS-ICMP_Fragmentation.pcap,d4:81:d7:97:d0:29,453
DDoS-ICMP_Fragmentation.pcap,ac:17:02:05:34:27,10622
DDoS-ICMP_Fragmentation.pcap,10:2c:6b:1b:43:be,3227
DDoS-ICMP_Fragmentation.pcap,d4:a6:51:30:64:b7,1274
DDoS-ICMP_Fragmentation.pcap,33:33:00:00:00:16,387
DDoS-ICMP_Fragmentation.pcap,00:02:75:f6:e3:cb,49
DDoS-ICMP_Fragmentation.pcap,cc:f4:11:9c:d0:00,596090
DDoS-ICMP_Fragmentation.pcap,d4:a6:51:78:97:4e,783
DDoS-ICMP_Fragmentation.pcap,01:80:c2:00:00:00,1045
DDoS-ICMP_Fragmentation.pcap,00:a3:d1:07:6f:03,1640
DDoS-ICMP_Fragmentation.pcap,b8:f0:09:03:9a:af,781
DDoS-ICMP_Fragmentation.pcap,33:33:00:00:00:02,216
DDoS-ICMP_Fragmentation.pcap,2c:71:ff:05:f1:15,7976
DDoS-ICMP_Fragmentation.pcap,00:17:88:60:d6:4f,3137
DDoS-ICMP_Fragmentation.pcap,ac:f1:08:4e:00:82,3701
DDoS-ICMP_Fragmentation.pcap,a0:d0:dc:c4:08:ff,8447
DDoS-ICMP_Fragmentation.pcap,3c:37:86:6f:b9:51,891
DDoS-ICMP_Fragmentation.pcap,c4:dd:57:0c:39:94,1251
DDoS-ICMP_Fragmentation.pcap,50:02:91:b1:68:0c,621
DDoS-ICMP_Fragmentation.pcap,50:02:91:10:ac:d8,1037
DDoS-ICMP_Fragmentation.pcap,f4:cf:a2:34:48:6b,654
DDoS-ICMP_Fragmentation.pcap,24:a1:60:14:7f:f9,1274
DDoS-ICMP_Fragmentation.pcap,70:ee:50:68:0e:32,1844
DDoS-ICMP_Fragmentation.pcap,50:02:91:10:09:8f,1036
DDoS-ICMP_Fragmentation.pcap,d4:a6:51:21:6c:29,676
DDoS-ICMP_Fragmentation.pcap,b0:f1:ec:d3:e7:98,2627
DDoS-ICMP_Fragmentation.pcap,68:57:2d:56:ac:47,274
DDoS-ICMP_Fragmentation.pcap,c4:dd:57:13:07:c6,1043
DDoS-ICMP_Fragmentation.pcap,1c:12:b0:9b:0c:ec,553828
DDoS-ICMP_Fragmentation.pcap,d4:a6:51:20:91:d1,560
DDoS-ICMP_Fragmentation.pcap,28:6d:97:7a:2b:2d,1963
DDoS-ICMP_Fragmentation.pcap,10:5a:17:97:a5:c6,1592
DDoS-ICMP_Fragmentation.pcap,b8:f0:09:03:29:79,1098
DDoS-ICMP_Fragmentation.pcap,8c:85:80:6c:b6:47,634
DDoS-ICMP_Fragmentation.pcap,01:00:5e:7f:ff:fa,1038
DDoS-ICMP_Fragmentation.pcap,b0:c5:54:59:2e:99,601
DDoS-ICMP_Fragmentation.pcap,d4:a6:51:76:06:64,520
DDoS-ICMP_Fragmentation.pcap,1c:fe:2b:98:16:dd,794383
DDoS-ICMP_Fragmentation.pcap,01:00:5e:00:00:fb,1177
DDoS-ICMP_Fragmentation.pcap,84:e3:42:42:ed:0b,2291
DDoS-ICMP_Fragmentation.pcap,50:14:79:37:80:18,606
DDoS-ICMP_Fragmentation.pcap,56:4f:8a:e1:f3:2d,6463
DDoS-ICMP_Fragmentation.pcap,dc:a6:32:dc:27:d5,210461
DDoS-ICMP_Fragmentation.pcap,9c:8e:cd:1d:ab:9f,5415
DDoS-ICMP_Fragmentation.pcap,dc:a6:32:c9:e5:a4,396117
DDoS-ICMP_Fragmentation.pcap,08:7c:39:ce:6e:2a,2489
DDoS-ICMP_Fragmentation.pcap,c0:e7:bf:0a:79:d1,802
DDoS-ICMP_Fragmentation.pcap,28:6d:97:9e:f4:d5,1903
DDoS-ICMP_Fragmentation.pcap,e8:1b:69:f8:d4:e3,2740
DDoS-ICMP_Fragmentation.pcap,34:75:63:73:f3:36,1973
DDoS-ICMP_Fragmentation.pcap,50:02:91:1a:ce:e1,985
DDoS-ICMP_Fragmentation.pcap,48:a6:b8:f9:1b:88,1553
DDoS-ICMP_Fragmentation.pcap,18:69:d8:eb:d4:3e,1856
DDoS-ICMP_Fragmentation.pcap,70:ee:50:6b:a8:1a,1039
DDoS-ICMP_Fragmentation.pcap,08:3a:f2:1f:bc:68,2037
DDoS-ICMP_Fragmentation.pcap,b8:5f:98:d0:76:e6,1735
DDoS-ICMP_Fragmentation.pcap,7c:78:b2:86:0d:81,2741
DDoS-ICMP_Fragmentation.pcap,84:7a:b6:64:62:58,1400
DDoS-ICMP_Fragmentation.pcap,6c:5a:b0:44:1d:90,2929
DDoS-ICMP_Fragmentation.pcap,e4:5f:01:55:90:c4,358980
DDoS-ICMP_Fragmentation.pcap,01:00:5e:7f:ff:fb,14
DDoS-ICMP_Fragmentation.pcap,01:00:5e:00:00:fa,14
DDoS-ICMP_Fragmentation.pcap,2c:d2:6b:66:d2:87,883
DDoS-ICMP_Fragmentation.pcap,84:7a:b6:62:3a:6c,1300
DDoS-ICMP_Fragmentation.pcap,e8:1b:69:f8:d6:e6,1176
DDoS-ICMP_Fragmentation.pcap,d0:73:d5:35:fb:c8,82
DDoS-ICMP_Fragmentation.pcap,24:05:88:30:6f:89,1540
DDoS-ICMP_Fragmentation.pcap,01:00:0c:cc:cc:cc,108
DDoS-ICMP_Fragmentation.pcap,01:00:0c:00:00:00,69
DDoS-ICMP_Fragmentation.pcap,d4:ad:fc:29:c8:a2,587
DDoS-ICMP_Fragmentation.pcap,b0:09:da:3e:82:6c,815
DDoS-ICMP_Fragmentation.pcap,dc:a6:32:c9:e4:ab,349195
DDoS-ICMP_Fragmentation.pcap,dc:a6:32:c9:e4:90,130046
DDoS-ICMP_Fragmentation.pcap,dc:a6:32:c9:e5:ef,230405
DDoS-ICMP_Fragmentation.pcap,dc:a6:32:c9:e4:d5,255972
DDoS-ICMP_Fragmentation.pcap,dc:a6:32:c9:e6:f4,491
DDoS-ICMP_Fragmentation.pcap,33:33:00:01:00:02,35
DDoS-ICMP_Fragmentation.pcap,30:23:03:f3:57:cb,1362
DDoS-ICMP_Fragmentation.pcap,01:00:5e:00:00:16,117
DDoS-ICMP_Fragmentation.pcap,da:4b:5c:39:d5:76,4
DDoS-ICMP_Fragmentation.pcap,5c:26:0a:28:80:77,445
DDoS-ICMP_Fragmentation.pcap,33:33:ff:06:7e:cf,19
DDoS-ICMP_Fragmentation.pcap,dc:a6:32:c9:e5:02,1467
DDoS-ICMP_Fragmentation.pcap,33:33:ff:94:83:cc,20
DDoS-ICMP_Fragmentation.pcap,33:33:ff:ce:6e:2a,1
DDoS-ICMP_Fragmentation.pcap,01:00:5e:00:00:01,12
DDoS-ICMP_Fragmentation.pcap,33:33:ff:9b:0c:ec,6
DDoS-ICMP_Fragmentation.pcap,7a:78:9f:21:10:49,5
DDoS-ICMP_Fragmentation.pcap,33:33:ff:9c:d0:00,5
DDoS-ICMP_Fragmentation.pcap,30:23:03:f3:84:2b,92
DDoS-ICMP_Fragmentation.pcap,ee:14:0b:68:6c:17,18
DDoS-ICMP_Fragmentation.pcap,dc:a6:32:c9:e4:c6,603
DDoS-ICMP_Fragmentation.pcap,33:33:ff:0f:19:15,1
DDoS-ICMP_Fragmentation.pcap,33:33:ff:40:7c:5e,1
DDoS-ICMP_Fragmentation.pcap,33:33:ff:05:f1:15,2
DDoS-ICMP_Fragmentation.pcap,33:33:ff:f6:e3:cb,1
DDoS-ICMP_Fragmentation.pcap,33:33:ff:35:fb:c8,3
DDoS-ICMP_Fragmentation.pcap,33:33:ff:68:0e:32,1
DDoS-ICMP_Fragmentation.pcap,33:33:ff:4e:00:82,1
DDoS-ICMP_Fragmentation.pcap,33:33:00:00:0c:0c,2
DDoS-ICMP_Fragmentation.pcap,33:33:00:0c:00:0c,2
DDoS-PSHACK_Flood.pcap,3c:18:a0:41:c3:a0,69198
DDoS-PSHACK_Flood.pcap,1c:fe:2b:98:16:dd,13181882
DDoS-PSHACK_Flood.pcap,ff:ff:ff:ff:ff:ff,20360
DDoS-PSHACK_Flood.pcap,b8:f0:09:03:29:79,752
DDoS-PSHACK_Flood.pcap,b8:f0:09:03:9a:af,906
DDoS-PSHACK_Flood.pcap,44:bb:3b:00:39:07,1192
DDoS-PSHACK_Flood.pcap,c0:e7:bf:0a:79:d1,700
DDoS-PSHACK_Flood.pcap,08:3a:f2:1f:bc:68,1151
DDoS-PSHACK_Flood.pcap,d4:a6:51:76:06:64,577
DDoS-PSHACK_Flood.pcap,3c:37:86:6f:b9:51,605
DDoS-PSHACK_Flood.pcap,34:75:63:73:f3:36,1258
DDoS-PSHACK_Flood.pcap,7c:78:b2:86:0d:81,1985
DDoS-PSHACK_Flood.pcap,01:80:c2:00:00:00,707
DDoS-PSHACK_Flood.pcap,00:a3:d1:07:6f:03,1112
DDoS-PSHACK_Flood.pcap,50:02:91:b1:68:0c,795
DDoS-PSHACK_Flood.pcap,50:02:91:1a:ce:e1,889
DDoS-PSHACK_Flood.pcap,24:a1:60:14:7f:f9,837
DDoS-PSHACK_Flood.pcap,b0:f1:ec:d3:e7:98,4579
DDoS-PSHACK_Flood.pcap,f4:cf:a2:34:48:6b,928
DDoS-PSHACK_Flood.pcap,d4:a6:51:20:91:d1,469
DDoS-PSHACK_Flood.pcap,18:69:d8:eb:d4:3e,889
DDoS-PSHACK_Flood.pcap,d4:a6:51:30:64:b7,1165
DDoS-PSHACK_Flood.pcap,00:17:88:60:d6:4f,1612
DDoS-PSHACK_Flood.pcap,01:00:5e:7f:ff:fa,434
DDoS-PSHACK_Flood.pcap,44:01:bb:ec:10:4a,650
DDoS-PSHACK_Flood.pcap,68:57:2d:56:ac:47,332
DDoS-PSHACK_Flood.pcap,33:33:00:00:00:fb,409
DDoS-PSHACK_Flood.pcap,5c:26:0a:28:80:77,278
DDoS-PSHACK_Flood.pcap,c4:dd:57:13:07:c6,859
DDoS-PSHACK_Flood.pcap,1c:9d:c2:8c:9a:94,662
DDoS-PSHACK_Flood.pcap,cc:f4:11:9c:d0:00,4435
DDoS-PSHACK_Flood.pcap,dc:a6:32:dc:27:d5,3481449
DDoS-PSHACK_Flood.pcap,50:02:91:10:09:8f,987
DDoS-PSHACK_Flood.pcap,e8:1b:69:f8:d6:e6,652
DDoS-PSHACK_Flood.pcap,33:33:00:01:00:03,266
DDoS-PSHACK_Flood.pcap,01:00:5e:00:00:fc,235
DDoS-PSHACK_Flood.pcap,84:e3:42:42:ed:0b,1040
DDoS-PSHACK_Flood.pcap,1c:12:b0:9b:0c:ec,11546518
DDoS-PSHACK_Flood.pcap,a0:d0:dc:c4:08:ff,7092
DDoS-PSHACK_Flood.pcap,d4:a6:51:78:97:4e,646
DDoS-PSHACK_Flood.pcap,9c:8e:cd:1d:ab:9f,1965132
DDoS-PSHACK_Flood.pcap,2c:d2:6b:66:d2:87,723
DDoS-PSHACK_Flood.pcap,d0:73:d5:35:fb:c8,101
DDoS-PSHACK_Flood.pcap,33:33:00:01:00:02,23
DDoS-PSHACK_Flood.pcap,e8:1b:69:f8:d4:e3,962
DDoS-PSHACK_Flood.pcap,8c:85:80:6c:b6:47,849
DDoS-PSHACK_Flood.pcap,28:6d:97:9e:f4:d5,1584
DDoS-PSHACK_Flood.pcap,c4:dd:57:0c:39:94,756
DDoS-PSHACK_Flood.pcap,24:05:88:30:6f:89,964
DDoS-PSHACK_Flood.pcap,10:5a:17:97:a5:c6,772
DDoS-PSHACK_Flood.pcap,50:02:91:10:ac:d8,795
DDoS-PSHACK_Flood.pcap,10:2c:6b:1b:43:be,2964
DDoS-PSHACK_Flood.pcap,70:ee:50:6b:a8:1a,1661
DDoS-PSHACK_Flood.pcap,01:00:0c:cc:cc:cc,74
DDoS-PSHACK_Flood.pcap,01:00:0c:00:00:00,47
DDoS-PSHACK_Flood.pcap,6c:5a:b0:44:1d:90,1565
DDoS-PSHACK_Flood.pcap,d4:a6:51:21:6c:29,598
DDoS-PSHACK_Flood.pcap,40:5d:82:35:14:c8,2597
DDoS-PSHACK_Flood.pcap,dc:a6:32:c9:e5:a4,5313512
DDoS-PSHACK_Flood.pcap,01:00:5e:00:00:16,65
DDoS-PSHACK_Flood.pcap,70:ee:50:68:0e:32,834
DDoS-PSHACK_Flood.pcap,56:4f:8a:e1:f3:2d,8025
DDoS-PSHACK_Flood.pcap,08:7c:39:ce:6e:2a,4508
DDoS-PSHACK_Flood.pcap,2c:71:ff:05:f1:15,6930
DDoS-PSHACK_Flood.pcap,84:7a:b6:62:3a:6c,495
DDoS-PSHACK_Flood.pcap,28:6d:97:7a:2b:2d,1513
DDoS-PSHACK_Flood.pcap,48:a6:b8:f9:1b:88,782
DDoS-PSHACK_Flood.pcap,50:14:79:37:80:18,142
DDoS-PSHACK_Flood.pcap,01:00:5e:00:00:fb,714
DDoS-PSHACK_Flood.pcap,b0:09:da:3e:82:6c,488
DDoS-PSHACK_Flood.pcap,b8:5f:98:d0:76:e6,1365
DDoS-PSHACK_Flood.pcap,84:7a:b6:64:62:58,631
DDoS-PSHACK_Flood.pcap,7c:a7:b0:cd:18:32,461
DDoS-PSHACK_Flood.pcap,01:00:5e:7f:ff:fb,10
DDoS-PSHACK_Flood.pcap,01:00:5e:00:00:fa,10
DDoS-PSHACK_Flood.pcap,33:33:00:00:00:16,173
DDoS-PSHACK_Flood.pcap,33:33:ff:06:7e:cf,12
DDoS-PSHACK_Flood.pcap,33:33:00:00:00:02,62
DDoS-PSHACK_Flood.pcap,dc:a6:32:c9:e4:90,3949661
DDoS-PSHACK_Flood.pcap,dc:a6:32:c9:e4:ab,4685847
DDoS-PSHACK_Flood.pcap,dc:a6:32:c9:e4:d5,3294648
DDoS-PSHACK_Flood.pcap,e4:5f:01:55:90:c4,2814415
DDoS-PSHACK_Flood.pcap,dc:a6:32:c9:e5:ef,3138227
DDoS-PSHACK_Flood.pcap,b0:c5:54:59:2e:99,518
DDoS-PSHACK_Flood.pcap,d4:ad:fc:29:c8:a2,653
DDoS-PSHACK_Flood.pcap,d4:81:d7:97:d0:29,38
DDoS-PSHACK_Flood.pcap,dc:a6:32:c9:e5:02,27
DDoS-PSHACK_Flood.pcap,00:02:75:f6:e3:cb,20
DDoS-PSHACK_Flood.pcap,dc:a6:32:c9:e6:f4,90
DDoS-PSHACK_Flood.pcap,33:33:00:00:00:01,23
DDoS-PSHACK_Flood.pcap,33:33:ff:7a:2b:2d,102
DDoS-PSHACK_Flood.pcap,dc:a6:32:c9:e4:c6,28
DDoS-PSHACK_Flood.pcap,33:33:ff:9c:d0:00,4
DDoS-PSHACK_Flood.pcap,01:00:5e:00:00:01,4
DDoS-PSHACK_Flood.pcap,33:33:ff:ce:6e:2a,3
DDoS-PSHACK_Flood.pcap,33:33:ff:9b:0c:ec,4
DDoS-PSHACK_Flood.pcap,33:33:ff:6b:a8:1a,1
DDoS-PSHACK_Flood.pcap,33:33:ff:ea:65:42,6
DDoS-PSHACK_Flood.pcap,33:33:ff:22:0c:f0,1
DDoS-PSHACK_Flood.pcap,33:33:ff:51:00:c3,1
DDoS-PSHACK_Flood.pcap,33:33:ff:22:b8:aa,1
DDoS-PSHACK_Flood.pcap,33:33:ff:80:28:92,1
DDoS-RSTFINFlood.pcap,3c:18:a0:41:c3:a0,74072
DDoS-RSTFINFlood.pcap,2c:71:ff:05:f1:15,2025220
DDoS-RSTFINFlood.pcap,44:bb:3b:00:39:07,3832
DDoS-RSTFINFlood.pcap,00:17:88:60:d6:4f,1285
DDoS-RSTFINFlood.pcap,a0:d0:dc:c4:08:ff,6044
DDoS-RSTFINFlood.pcap,1c:12:b0:9b:0c:ec,6894
DDoS-RSTFINFlood.pcap,70:ee:50:68:0e:32,2362
DDoS-RSTFINFlood.pcap,28:6d:97:9e:f4:d5,11990715
DDoS-RSTFINFlood.pcap,40:5d:82:35:14:c8,8746
DDoS-RSTFINFlood.pcap,ff:ff:ff:ff:ff:ff,17824
DDoS-RSTFINFlood.pcap,b8:f0:09:03:29:79,897
DDoS-RSTFINFlood.pcap,01:00:5e:7f:ff:fa,607
DDoS-RSTFINFlood.pcap,6c:5a:b0:44:1d:90,4235
DDoS-RSTFINFlood.pcap,28:6d:97:7a:2b:2d,1733
DDoS-RSTFINFlood.pcap,08:7c:39:ce:6e:2a,3756
DDoS-RSTFINFlood.pcap,ac:f1:08:4e:00:82,5142
DDoS-RSTFINFlood.pcap,70:ee:50:6b:a8:1a,1742
DDoS-RSTFINFlood.pcap,7c:78:b2:86:0d:81,3091
DDoS-RSTFINFlood.pcap,f4:cf:a2:34:48:6b,907
DDoS-RSTFINFlood.pcap,01:80:c2:00:00:00,717
DDoS-RSTFINFlood.pcap,00:a3:d1:07:6f:03,1125
DDoS-RSTFINFlood.pcap,00:02:75:f6:e3:cb,420
DDoS-RSTFINFlood.pcap,1c:fe:2b:98:16:dd,12577855
DDoS-RSTFINFlood.pcap,c4:dd:57:0c:39:94,1071
DDoS-RSTFINFlood.pcap,68:57:2d:56:ac:47,434
DDoS-RSTFINFlood.pcap,d4:a6:51:76:06:64,441
DDoS-RSTFINFlood.pcap,d4:a6:51:21:6c:29,632
DDoS-RSTFINFlood.pcap,c0:e7:bf:0a:79:d1,1699
DDoS-RSTFINFlood.pcap,10:5a:17:97:a5:c6,1012
DDoS-RSTFINFlood.pcap,50:02:91:1a:ce:e1,1176
DDoS-RSTFINFlood.pcap,18:69:d8:eb:d4:3e,1068
DDoS-RSTFINFlood.pcap,2c:d2:6b:66:d2:87,711
DDoS-RSTFINFlood.pcap,50:02:91:b1:68:0c,836
DDoS-RSTFINFlood.pcap,44:01:bb:ec:10:4a,1410
DDoS-RSTFINFlood.pcap,b0:09:da:3e:82:6c,949
DDoS-RSTFINFlood.pcap,1c:9d:c2:8c:9a:94,1106
DDoS-RSTFINFlood.pcap,c4:dd:57:13:07:c6,970
DDoS-RSTFINFlood.pcap,24:a1:60:14:7f:f9,998
DDoS-RSTFINFlood.pcap,50:02:91:10:09:8f,1006
DDoS-RSTFINFlood.pcap,33:33:00:01:00:03,269
DDoS-RSTFINFlood.pcap,01:00:5e:00:00:fc,227
DDoS-RSTFINFlood.pcap,50:02:91:10:ac:d8,982
DDoS-RSTFINFlood.pcap,b8:f0:09:03:9a:af,838
DDoS-RSTFINFlood.pcap,d4:a6:51:78:97:4e,624
DDoS-RSTFINFlood.pcap,9c:8e:cd:1d:ab:9f,3673
DDoS-RSTFINFlood.pcap,34:75:63:73:f3:36,1304
DDoS-RSTFINFlood.pcap,33:33:00:01:00:02,25
DDoS-RSTFINFlood.pcap,e8:1b:69:f8:d4:e3,2261
DDoS-RSTFINFlood.pcap,84:e3:42:42:ed:0b,1210
DDoS-RSTFINFlood.pcap,d4:a6:51:20:91:d1,683
DDoS-RSTFINFlood.pcap,50:14:79:37:80:18,134
DDoS-RSTFINFlood.pcap,3c:37:86:6f:b9:51,608
DDoS-RSTFINFlood.pcap,cc:f4:11:9c:d0:00,3943
DDoS-RSTFINFlood.pcap,01:00:0c:cc:cc:cc,74
DDoS-RSTFINFlood.pcap,01:00:0c:00:00:00,48
DDoS-RSTFINFlood.pcap,24:05:88:30:6f:89,771
DDoS-RSTFINFlood.pcap,56:4f:8a:e1:f3:2d,5303
DDoS-RSTFINFlood.pcap,b8:5f:98:d0:76:e6,1330
DDoS-RSTFINFlood.pcap,b0:c5:54:59:2e:99,438
DDoS-RSTFINFlood.pcap,33:33:00:00:00:01,80
DDoS-RSTFINFlood.pcap,33:33:00:00:00:16,262
DDoS-RSTFINFlood.pcap,d4:81:d7:97:d0:29,76
DDoS-RSTFINFlood.pcap,33:33:ff:7a:2b:2d,152
DDoS-RSTFINFlood.pcap,8c:85:80:6c:b6:47,896
DDoS-RSTFINFlood.pcap,84:7a:b6:64:62:58,751
DDoS-RSTFINFlood.pcap,84:7a:b6:62:3a:6c,535
DDoS-RSTFINFlood.pcap,01:00:5e:7f:ff:fb,11
DDoS-RSTFINFlood.pcap,01:00:5e:00:00:fa,11
DDoS-RSTFINFlood.pcap,48:a6:b8:f9:1b:88,823
DDoS-RSTFINFlood.pcap,d4:ad:fc:29:c8:a2,696
DDoS-RSTFINFlood.pcap,e8:1b:69:f8:d6:e6,806
DDoS-RSTFINFlood.pcap,01:00:5e:00:00:fb,953
DDoS-RSTFINFlood.pcap,33:33:00:00:00:fb,604
DDoS-RSTFINFlood.pcap,7c:a7:b0:cd:18:32,336
DDoS-RSTFINFlood.pcap,d0:73:d5:35:fb:c8,24
DDoS-RSTFINFlood.pcap,01:00:5e:00:00:16,99
DDoS-RSTFINFlood.pcap,33:33:ff:9e:f4:d5,211
DDoS-RSTFINFlood.pcap,dc:a6:32:c9:e4:c6,73
DDoS-RSTFINFlood.pcap,e4:5f:01:55:90:c4,3919837
DDoS-RSTFINFlood.pcap,dc:a6:32:c9:e4:90,3389537
DDoS-RSTFINFlood.pcap,dc:a6:32:c9:e5:a4,4356563
DDoS-RSTFINFlood.pcap,dc:a6:32:c9:e4:d5,3931542
DDoS-RSTFINFlood.pcap,dc:a6:32:c9:e5:ef,3170817
DDoS-RSTFINFlood.pcap,dc:a6:32:dc:27:d5,4745693
DDoS-RSTFINFlood.pcap,dc:a6:32:c9:e4:ab,3071765
DDoS-RSTFINFlood.pcap,33:33:ff:f6:e3:cb,7
DDoS-RSTFINFlood.pcap,33:33:00:00:00:02,59
DDoS-RSTFINFlood.pcap,5c:26:0a:28:80:77,185
DDoS-RSTFINFlood.pcap,33:33:ff:06:7e:cf,8
DDoS-RSTFINFlood.pcap,33:33:ff:ce:6e:2a,1
DDoS-RSTFINFlood.pcap,33:33:ff:3f:cb:5f,1
DDoS-RSTFINFlood.pcap,33:33:ff:00:00:00,4
DDoS-RSTFINFlood.pcap,01:00:5e:00:00:01,9
DDoS-RSTFINFlood.pcap,33:33:ff:9c:d0:00,2
DDoS-RSTFINFlood.pcap,33:33:ff:23:59:f0,1
DDoS-RSTFINFlood.pcap,33:33:ff:d1:10:0d,1
DDoS-RSTFINFlood.pcap,33:33:ff:ca:c4:3a,1
DDoS-RSTFINFlood.pcap,dc:a6:32:c9:e5:02,1
DDoS-RSTFINFlood.pcap,dc:a6:32:c9:e6:f4,16
DDoS-RSTFINFlood.pcap,33:33:ff:05:f1:15,1
DDoS-RSTFINFlood.pcap,33:33:ff:b1:b6:c4,2
DDoS-RSTFINFlood.pcap,33:33:ff:9b:0c:ec,8
DDoS-RSTFINFlood.pcap,33:33:ff:d9:cf:03,1
DDoS-SYN_Flood.pcap,a0:d0:dc:c4:08:ff,11197
DDoS-SYN_Flood.pcap,2c:71:ff:05:f1:15,5929
DDoS-SYN_Flood.pcap,3c:18:a0:41:c3:a0,157562
DDoS-SYN_Flood.pcap,7c:78:b2:86:0d:81,8672
DDoS-SYN_Flood.pcap,34:75:63:73:f3:36,3012
DDoS-SYN_Flood.pcap,ff:ff:ff:ff:ff:ff,27895
DDoS-SYN_Flood.pcap,d4:a6:51:76:06:64,919
DDoS-SYN_Flood.pcap,44:01:bb:ec:10:4a,2408
DDoS-SYN_Flood.pcap,70:ee:50:6b:a8:1a,2776
DDoS-SYN_Flood.pcap,1c:12:b0:9b:0c:ec,8957322
DDoS-SYN_Flood.pcap,24:a1:60:14:7f:f9,1264
DDoS-SYN_Flood.pcap,44:bb:3b:00:39:07,3443
DDoS-SYN_Flood.pcap,ac:17:02:05:34:27,39921
DDoS-SYN_Flood.pcap,d4:ad:fc:29:c8:a2,1206
DDoS-SYN_Flood.pcap,50:02:91:10:ac:d8,1488
DDoS-SYN_Flood.pcap,d4:a6:51:30:64:b7,1744
DDoS-SYN_Flood.pcap,10:5a:17:97:a5:c6,1575
DDoS-SYN_Flood.pcap,c4:dd:57:13:07:c6,1424
DDoS-SYN_Flood.pcap,84:7a:b6:62:3a:6c,1012
DDoS-SYN_Flood.pcap,01:00:0c:cc:cc:cc,127
DDoS-SYN_Flood.pcap,00:a3:d1:07:6f:03,1919
DDoS-SYN_Flood.pcap,01:00:0c:00:00:00,82
DDoS-SYN_Flood.pcap,08:7c:39:ce:6e:2a,6500
DDoS-SYN_Flood.pcap,d4:a6:51:21:6c:29,1043
DDoS-SYN_Flood.pcap,b0:f1:ec:d3:e7:98,856
DDoS-SYN_Flood.pcap,3c:37:86:6f:b9:51,947
DDoS-SYN_Flood.pcap,68:57:2d:56:ac:47,835
DDoS-SYN_Flood.pcap,50:02:91:10:09:8f,1406
DDoS-SYN_Flood.pcap,b8:f0:09:03:29:79,1343
DDoS-SYN_Flood.pcap,01:80:c2:00:00:00,1222
DDoS-SYN_Flood.pcap,1c:fe:2b:98:16:dd,7878976
DDoS-SYN_Flood.pcap,e8:1b:69:f8:d6:e6,915
DDoS-SYN_Flood.pcap,70:ee:50:68:0e:32,3359
DDoS-SYN_Flood.pcap,c4:dd:57:0c:39:94,504
DDoS-SYN_Flood.pcap,d4:a6:51:78:97:4e,973
DDoS-SYN_Flood.pcap,50:02:91:1a:ce:e1,1549
DDoS-SYN_Flood.pcap,c0:e7:bf:0a:79:d1,1452
DDoS-SYN_Flood.pcap,01:00:5e:00:00:fb,1027
DDoS-SYN_Flood.pcap,ee:06:3b:b8:d1:df,7989
DDoS-SYN_Flood.pcap,33:33:00:00:00:fb,676
DDoS-SYN_Flood.pcap,18:69:d8:eb:d4:3e,1837
DDoS-SYN_Flood.pcap,10:2c:6b:1b:43:be,6513
DDoS-SYN_Flood.pcap,01:00:5e:7f:ff:fa,860
DDoS-SYN_Flood.pcap,d4:a6:51:20:91:d1,858
DDoS-SYN_Flood.pcap,f4:cf:a2:34:48:6b,1259
DDoS-SYN_Flood.pcap,50:02:91:b1:68:0c,1146
DDoS-SYN_Flood.pcap,2c:d2:6b:66:d2:87,1439
DDoS-SYN_Flood.pcap,b8:f0:09:03:9a:af,1274
DDoS-SYN_Flood.pcap,1c:9d:c2:8c:9a:94,1491
DDoS-SYN_Flood.pcap,40:5d:82:35:14:c8,6420
DDoS-SYN_Flood.pcap,84:e3:42:42:ed:0b,2094
DDoS-SYN_Flood.pcap,7c:a7:b0:cd:18:32,676
DDoS-SYN_Flood.pcap,9c:8e:cd:1d:ab:9f,2885455
DDoS-SYN_Flood.pcap,b0:09:da:3e:82:6b,710
DDoS-SYN_Flood.pcap,b8:5f:98:d0:76:e6,1883
DDoS-SYN_Flood.pcap,cc:f4:11:9c:d0:00,6706829
DDoS-SYN_Flood.pcap,08:3a:f2:1f:bc:68,1973
DDoS-SYN_Flood.pcap,24:05:88:30:6f:89,1281
DDoS-SYN_Flood.pcap,6c:5a:b0:44:1d:90,6003
DDoS-SYN_Flood.pcap,00:17:88:60:d6:4f,1655
DDoS-SYN_Flood.pcap,28:6d:97:9e:f4:d5,2505
DDoS-SYN_Flood.pcap,28:6d:97:7a:2b:2d,2658
DDoS-SYN_Flood.pcap,00:02:75:f6:e3:cb,451
DDoS-SYN_Flood.pcap,48:a6:b8:f9:1b:88,1678
DDoS-SYN_Flood.pcap,30:23:03:f3:57:cb,813
DDoS-SYN_Flood.pcap,84:7a:b6:64:62:58,1287
DDoS-SYN_Flood.pcap,dc:a6:32:c9:e5:a4,3229
DDoS-SYN_Flood.pcap,8c:85:80:6c:b6:47,3588
DDoS-SYN_Flood.pcap,30:23:03:f3:84:2b,853
DDoS-SYN_Flood.pcap,e8:1b:69:f8:d4:e3,1868
DDoS-SYN_Flood.pcap,01:00:5e:00:00:16,106
DDoS-SYN_Flood.pcap,dc:a6:32:dc:27:d5,4378143
DDoS-SYN_Flood.pcap,dc:a6:32:c9:e4:90,4227747
DDoS-SYN_Flood.pcap,e4:5f:01:55:90:c4,3888442
DDoS-SYN_Flood.pcap,dc:a6:32:c9:e5:ef,3716254
DDoS-SYN_Flood.pcap,dc:a6:32:c9:e4:ab,7166978
DDoS-SYN_Flood.pcap,dc:a6:32:c9:e4:d5,3018708
DDoS-SYN_Flood.pcap,b0:c5:54:59:2e:99,659
DDoS-SYN_Flood.pcap,01:00:5e:7f:ff:fb,26
DDoS-SYN_Flood.pcap,01:00:5e:00:00:fa,26
DDoS-SYN_Flood.pcap,d0:73:d5:35:fb:c8,46
DDoS-SYN_Flood.pcap,33:33:00:01:00:02,40
DDoS-SYN_Flood.pcap,33:33:00:00:00:16,404
DDoS-SYN_Flood.pcap,d4:81:d7:97:d0:29,483
DDoS-SYN_Flood.pcap,33:33:ff:94:83:cc,21
DDoS-SYN_Flood.pcap,33:33:00:00:00:02,194
DDoS-SYN_Flood.pcap,5c:26:0a:28:80:77,415
DDoS-SYN_Flood.pcap,33:33:ff:06:7e:cf,18
DDoS-SYN_Flood.pcap,dc:a6:32:c9:e4:c6,17
DDoS-SYN_Flood.pcap,33:33:ff:9b:0c:ec,2
DDoS-SYN_Flood.pcap,01:00:5e:00:00:01,4
DDoS-SYN_Flood.pcap,dc:a6:32:c9:e6:f4,19
DDoS-SYN_Flood.pcap,33:33:ff:7a:2b:2d,1
DDoS-SYN_Flood.pcap,dc:a6:32:c9:e5:02,25
DDoS-SYN_Flood.pcap,33:33:00:00:0c:0c,10
DDoS-SYN_Flood.pcap,33:33:00:0c:00:0c,10
DDoS-SYN_Flood.pcap,b0:09:da:3e:82:6c,1
DDoS-SYN_Flood.pcap,33:33:ff:9c:d0:00,7
DDoS-SYN_Flood.pcap,33:33:ff:41:f3:a6,3
DDoS-SYN_Flood.pcap,33:33:ff:ce:6e:2a,1
DDoS-SYN_Flood.pcap,00:00:00:00:00:00,8
DDoS-SYN_Flood.pcap,ac:f1:08:4e:00:82,59
DDoS-SYN_Flood.pcap,50:14:79:37:80:18,90
DDoS-SlowLoris.pcap,01:00:5e:00:00:fb,5386
DDoS-SlowLoris.pcap,70:ee:50:68:0e:32,73819
DDoS-SlowLoris.pcap,33:33:00:00:00:fb,2843
DDoS-SlowLoris.pcap,3c:18:a0:41:c3:a0,787611
DDoS-SlowLoris.pcap,34:75:63:73:f3:36,9944
DDoS-SlowLoris.pcap,33:33:ff:9e:f4:d5,864
DDoS-SlowLoris.pcap,50:02:91:1a:ce:e1,3198
DDoS-SlowLoris.pcap,c4:dd:57:0c:39:94,3200
DDoS-SlowLoris.pcap,1c:9d:c2:8c:9a:94,2930
DDoS-SlowLoris.pcap,33:33:00:00:00:16,995
DDoS-SlowLoris.pcap,d4:81:d7:97:d0:29,256
DDoS-SlowLoris.pcap,00:17:88:60:d6:4f,132384
DDoS-SlowLoris.pcap,1c:12:b0:9b:0c:ec,39382
DDoS-SlowLoris.pcap,a0:d0:dc:c4:08:ff,36704
DDoS-SlowLoris.pcap,b8:f0:09:03:9a:af,3149
DDoS-SlowLoris.pcap,ff:ff:ff:ff:ff:ff,55713
DDoS-SlowLoris.pcap,c4:dd:57:13:07:c6,3169
DDoS-SlowLoris.pcap,10:5a:17:97:a5:c6,4485
DDoS-SlowLoris.pcap,b8:f0:09:03:29:79,3214
DDoS-SlowLoris.pcap,24:a1:60:14:7f:f9,3197
DDoS-SlowLoris.pcap,50:02:91:10:09:8f,3242
DDoS-SlowLoris.pcap,50:02:91:b1:68:0c,2999
DDoS-SlowLoris.pcap,01:00:5e:00:00:16,437
DDoS-SlowLoris.pcap,cc:f4:11:9c:d0:00,94241
DDoS-SlowLoris.pcap,f4:cf:a2:34:48:6b,3035
DDoS-SlowLoris.pcap,d4:a6:51:76:06:64,2077
DDoS-SlowLoris.pcap,08:7c:39:ce:6e:2a,20959
DDoS-SlowLoris.pcap,1c:fe:2b:98:16:dd,6553
DDoS-SlowLoris.pcap,d4:a6:51:21:6c:29,2013
DDoS-SlowLoris.pcap,44:bb:3b:00:39:07,135007
DDoS-SlowLoris.pcap,28:6d:97:7a:2b:2d,23349
DDoS-SlowLoris.pcap,50:02:91:10:ac:d8,3223
DDoS-SlowLoris.pcap,33:33:00:00:00:01,282
DDoS-SlowLoris.pcap,28:6d:97:9e:f4:d5,8604
DDoS-SlowLoris.pcap,00:02:75:f6:e3:cb,15899
DDoS-SlowLoris.pcap,7c:78:b2:86:0d:81,16691
DDoS-SlowLoris.pcap,dc:a6:32:c9:e4:c6,105005
DDoS-SlowLoris.pcap,01:80:c2:00:00:00,4286
DDoS-SlowLoris.pcap,00:a3:d1:07:6f:03,6734
DDoS-SlowLoris.pcap,dc:a6:32:dc:27:d5,221058
DDoS-SlowLoris.pcap,44:01:bb:ec:10:4a,144226
DDoS-SlowLoris.pcap,70:ee:50:6b:a8:1a,4669
DDoS-SlowLoris.pcap,ac:f1:08:4e:00:82,20204
DDoS-SlowLoris.pcap,68:57:2d:56:ac:47,2209
DDoS-SlowLoris.pcap,2c:71:ff:05:f1:15,27340
DDoS-SlowLoris.pcap,24:05:88:30:6f:89,5378
DDoS-SlowLoris.pcap,18:69:d8:eb:d4:3e,2011
DDoS-SlowLoris.pcap,2c:d2:6b:66:d2:87,2917
DDoS-SlowLoris.pcap,84:e3:42:42:ed:0b,2398
DDoS-SlowLoris.pcap,d4:a6:51:78:97:4e,2070
DDoS-SlowLoris.pcap,d4:a6:51:20:91:d1,2108
DDoS-SlowLoris.pcap,01:00:5e:7f:ff:fa,3686
DDoS-SlowLoris.pcap,b0:09:da:3e:82:6c,7552
DDoS-SlowLoris.pcap,84:7a:b6:62:3a:6c,4335
DDoS-SlowLoris.pcap,40:5d:82:35:14:c8,346526
DDoS-SlowLoris.pcap,48:a6:b8:f9:1b:88,1684
DDoS-SlowLoris.pcap,01:00:0c:cc:cc:cc,446
DDoS-SlowLoris.pcap,01:00:0c:00:00:00,286
DDoS-SlowLoris.pcap,9c:8e:cd:1d:ab:9f,74685
DDoS-SlowLoris.pcap,6c:5a:b0:44:1d:90,280794
DDoS-SlowLoris.pcap,84:7a:b6:64:62:58,4741
DDoS-SlowLoris.pcap,33:33:00:01:00:02,142
DDoS-SlowLoris.pcap,e8:1b:69:f8:d4:e3,878
DDoS-SlowLoris.pcap,33:33:00:00:00:02,237
DDoS-SlowLoris.pcap,dc:a6:32:c9:e5:a4,203010
DDoS-SlowLoris.pcap,dc:a6:32:c9:e4:d5,199891
DDoS-SlowLoris.pcap,dc:a6:32:c9:e5:ef,198366
DDoS-SlowLoris.pcap,dc:a6:32:c9:e4:ab,210969
DDoS-SlowLoris.pcap,dc:a6:32:c9:e4:90,211044
DDoS-SlowLoris.pcap,e4:5f:01:55:90:c4,205998
DDoS-SlowLoris.pcap,3c:37:86:6f:b9:51,3146
DDoS-SlowLoris.pcap,8c:85:80:6c:b6:47,5154
DDoS-SlowLoris.pcap,b8:5f:98:d0:76:e6,970
DDoS-SlowLoris.pcap,b0:c5:54:59:2e:99,287737
DDoS-SlowLoris.pcap,56:4f:8a:e1:f3:2d,40047
DDoS-SlowLoris.pcap,d0:73:d5:35:fb:c8,20571
DDoS-SlowLoris.pcap,7c:a7:b0:cd:18:32,1797
DDoS-SlowLoris.pcap,01:00:5e:7f:ff:fb,143
DDoS-SlowLoris.pcap,01:00:5e:00:00:fa,143
DDoS-SlowLoris.pcap,d4:ad:fc:29:c8:a2,475
DDoS-SlowLoris.pcap,e8:1b:69:f8:d6:e6,1889
DDoS-SlowLoris.pcap,5c:26:0a:28:80:77,1644
DDoS-SlowLoris.pcap,33:33:ff:06:7e:cf,71
DDoS-SlowLoris.pcap,33:33:ff:7a:2b:2d,1029
DDoS-SlowLoris.pcap,dc:a6:32:c9:e6:f4,100630
DDoS-SlowLoris.pcap,33:33:ff:1d:ab:9f,7
DDoS-SlowLoris.pcap,33:33:ff:9c:d0:00,2
DDoS-SlowLoris.pcap,33:33:ff:1b:46:9f,1
DDoS-SlowLoris.pcap,33:33:ff:54:ab:02,1
DDoS-SlowLoris.pcap,33:33:ff:bc:07:df,1
DDoS-SlowLoris.pcap,33:33:ff:ec:10:4a,7
DDoS-SlowLoris.pcap,33:33:ff:f6:e3:cb,2
DDoS-SlowLoris.pcap,33:33:ff:1a:fb:11,1
DDoS-SlowLoris.pcap,dc:a6:32:c9:e5:02,103739
DDoS-SlowLoris.pcap,33:33:ff:12:ff:a1,1
DDoS-SlowLoris.pcap,33:33:ff:35:fb:c8,7
DDoS-SlowLoris.pcap,b0:f1:ec:d3:e7:98,114755
DDoS-SlowLoris.pcap,33:33:ff:d3:e7:98,1
DDoS-SynonymousIP_Flood.pcap,3c:18:a0:41:c3:a0,43512
DDoS-SynonymousIP_Flood.pcap,44:bb:3b:00:39:07,858
DDoS-SynonymousIP_Flood.pcap,ff:ff:ff:ff:ff:ff,14359
DDoS-SynonymousIP_Flood.pcap,10:5a:17:97:a5:c6,642
DDoS-SynonymousIP_Flood.pcap,d4:a6:51:78:97:4e,313
DDoS-SynonymousIP_Flood.pcap,50:02:91:1a:ce:e1,691
DDoS-SynonymousIP_Flood.pcap,b8:f0:09:03:29:79,529
DDoS-SynonymousIP_Flood.pcap,7c:78:b2:86:0d:81,2900
DDoS-SynonymousIP_Flood.pcap,28:6d:97:7a:2b:2d,1786
DDoS-SynonymousIP_Flood.pcap,b8:f0:09:03:9a:af,497
DDoS-SynonymousIP_Flood.pcap,68:57:2d:56:ac:47,188
DDoS-SynonymousIP_Flood.pcap,50:02:91:10:ac:d8,462
DDoS-SynonymousIP_Flood.pcap,50:02:91:10:09:8f,561
DDoS-SynonymousIP_Flood.pcap,01:80:c2:00:00:00,672
DDoS-SynonymousIP_Flood.pcap,00:a3:d1:07:6f:03,1064
DDoS-SynonymousIP_Flood.pcap,2c:71:ff:05:f1:15,12912353
DDoS-SynonymousIP_Flood.pcap,34:75:63:73:f3:36,1189
DDoS-SynonymousIP_Flood.pcap,70:ee:50:6b:a8:1a,853
DDoS-SynonymousIP_Flood.pcap,1c:12:b0:9b:0c:ec,3192
DDoS-SynonymousIP_Flood.pcap,a0:d0:dc:c4:08:ff,2920
DDoS-SynonymousIP_Flood.pcap,08:7c:39:ce:6e:2a,1482
DDoS-SynonymousIP_Flood.pcap,84:e3:42:42:ed:0b,1004
DDoS-SynonymousIP_Flood.pcap,1c:fe:2b:98:16:dd,2770
DDoS-SynonymousIP_Flood.pcap,d4:a6:51:76:06:64,321
DDoS-SynonymousIP_Flood.pcap,40:5d:82:35:14:c8,2526
DDoS-SynonymousIP_Flood.pcap,00:02:75:f6:e3:cb,99
DDoS-SynonymousIP_Flood.pcap,9c:8e:cd:1d:ab:9f,12033708
DDoS-SynonymousIP_Flood.pcap,50:02:91:b1:68:0c,462
DDoS-SynonymousIP_Flood.pcap,28:6d:97:9e:f4:d5,1550
DDoS-SynonymousIP_Flood.pcap,44:01:bb:ec:10:4a,1336
DDoS-SynonymousIP_Flood.pcap,cc:f4:11:9c:d0:00,841
DDoS-SynonymousIP_Flood.pcap,01:00:5e:7f:ff:fa,550
DDoS-SynonymousIP_Flood.pcap,c4:dd:57:13:07:c6,683
DDoS-SynonymousIP_Flood.pcap,d4:a6:51:21:6c:29,315
DDoS-SynonymousIP_Flood.pcap,dc:a6:32:dc:27:d5,1379983
DDoS-SynonymousIP_Flood.pcap,1c:9d:c2:8c:9a:94,427
DDoS-SynonymousIP_Flood.pcap,24:a1:60:14:7f:f9,504
DDoS-SynonymousIP_Flood.pcap,2c:d2:6b:66:d2:87,680
DDoS-SynonymousIP_Flood.pcap,33:33:00:01:00:03,254
DDoS-SynonymousIP_Flood.pcap,01:00:5e:00:00:fc,219
DDoS-SynonymousIP_Flood.pcap,c4:dd:57:0c:39:94,522
DDoS-SynonymousIP_Flood.pcap,f4:cf:a2:34:48:6b,644
DDoS-SynonymousIP_Flood.pcap,d4:a6:51:20:91:d1,372
DDoS-SynonymousIP_Flood.pcap,6c:5a:b0:44:1d:90,2150
DDoS-SynonymousIP_Flood.pcap,18:69:d8:eb:d4:3e,822
DDoS-SynonymousIP_Flood.pcap,3c:37:86:6f:b9:51,519
DDoS-SynonymousIP_Flood.pcap,00:17:88:60:d6:4f,1380
DDoS-SynonymousIP_Flood.pcap,01:00:5e:00:00:fb,261
DDoS-SynonymousIP_Flood.pcap,70:ee:50:68:0e:32,1257
DDoS-SynonymousIP_Flood.pcap,33:33:00:00:00:fb,180
DDoS-SynonymousIP_Flood.pcap,84:7a:b6:64:62:58,809
DDoS-SynonymousIP_Flood.pcap,01:00:0c:cc:cc:cc,70
DDoS-SynonymousIP_Flood.pcap,01:00:0c:00:00:00,46
DDoS-SynonymousIP_Flood.pcap,e8:1b:69:f8:d6:e6,296
DDoS-SynonymousIP_Flood.pcap,5c:26:0a:28:80:77,192
DDoS-SynonymousIP_Flood.pcap,84:7a:b6:62:3a:6c,605
DDoS-SynonymousIP_Flood.pcap,56:4f:8a:e1:f3:2d,6938
DDoS-SynonymousIP_Flood.pcap,48:a6:b8:f9:1b:88,831
DDoS-SynonymousIP_Flood.pcap,50:14:79:37:80:18,126
DDoS-SynonymousIP_Flood.pcap,d4:ad:fc:29:c8:a2,497
DDoS-SynonymousIP_Flood.pcap,8c:85:80:6c:b6:47,1854183
DDoS-SynonymousIP_Flood.pcap,24:05:88:30:6f:89,809
DDoS-SynonymousIP_Flood.pcap,b0:09:da:3e:82:6c,424
DDoS-SynonymousIP_Flood.pcap,33:33:00:00:00:16,86
DDoS-SynonymousIP_Flood.pcap,33:33:ff:06:7e:cf,7
DDoS-SynonymousIP_Flood.pcap,33:33:00:00:00:02,23
DDoS-SynonymousIP_Flood.pcap,b8:5f:98:d0:76:e6,857
DDoS-SynonymousIP_Flood.pcap,33:33:00:01:00:02,21
DDoS-SynonymousIP_Flood.pcap,e8:1b:69:f8:d4:e3,393
DDoS-SynonymousIP_Flood.pcap,7c:a7:b0:cd:18:32,505
DDoS-SynonymousIP_Flood.pcap,dc:a6:32:c9:e4:d5,2998658
DDoS-SynonymousIP_Flood.pcap,dc:a6:32:c9:e5:a4,3052321
DDoS-SynonymousIP_Flood.pcap,dc:a6:32:c9:e5:ef,3141745
DDoS-SynonymousIP_Flood.pcap,dc:a6:32:c9:e4:ab,7855210
DDoS-SynonymousIP_Flood.pcap,e4:5f:01:55:90:c4,3024906
DDoS-SynonymousIP_Flood.pcap,dc:a6:32:c9:e4:90,5342487
DDoS-SynonymousIP_Flood.pcap,b0:c5:54:59:2e:99,629
DDoS-SynonymousIP_Flood.pcap,d4:81:d7:97:d0:29,43
DDoS-SynonymousIP_Flood.pcap,01:00:5e:7f:ff:fb,5
DDoS-SynonymousIP_Flood.pcap,01:00:5e:00:00:fa,5
DDoS-SynonymousIP_Flood.pcap,dc:a6:32:c9:e5:02,6
DDoS-SynonymousIP_Flood.pcap,33:33:00:00:00:01,6
DDoS-SynonymousIP_Flood.pcap,d0:73:d5:35:fb:c8,10
DDoS-SynonymousIP_Flood.pcap,dc:a6:32:c9:e4:c6,86
DDoS-SynonymousIP_Flood.pcap,dc:a6:32:c9:e6:f4,26
DDoS-SynonymousIP_Flood.pcap,01:00:5e:00:00:16,34
DDoS-SynonymousIP_Flood.pcap,00:a3:d1:07:6f:47,1
DDoS-SynonymousIP_Flood.pcap,01:00:5e:00:00:01,1
DDoS-SynonymousIP_Flood.pcap,33:33:ff:00:00:00,1
DDoS-TCP_Flood.pcap,1c:fe:2b:98:16:dd,14706446
DDoS-TCP_Flood.pcap,e4:5f:01:55:90:c4,3085671
DDoS-TCP_Flood.pcap,dc:a6:32:c9:e4:90,3330313
DDoS-TCP_Flood.pcap,7c:78:b2:86:0d:81,13015
DDoS-TCP_Flood.pcap,3c:18:a0:41:c3:a0,127222
DDoS-TCP_Flood.pcap,dc:a6:32:dc:27:d5,6170941
DDoS-TCP_Flood.pcap,ff:ff:ff:ff:ff:ff,20497
DDoS-TCP_Flood.pcap,dc:a6:32:c9:e5:a4,2521604
DDoS-TCP_Flood.pcap,dc:a6:32:c9:e4:ab,3433879
DDoS-TCP_Flood.pcap,44:bb:3b:00:39:07,3244
DDoS-TCP_Flood.pcap,dc:a6:32:c9:e4:d5,4191792
DDoS-TCP_Flood.pcap,dc:a6:32:c9:e5:ef,3678999
DDoS-TCP_Flood.pcap,b0:f1:ec:d3:e7:98,4955
DDoS-TCP_Flood.pcap,b8:f0:09:03:9a:af,933
DDoS-TCP_Flood.pcap,48:a6:b8:f9:1b:88,1106
DDoS-TCP_Flood.pcap,b8:f0:09:03:29:79,1047
DDoS-TCP_Flood.pcap,e8:1b:69:f8:d6:e6,1020
DDoS-TCP_Flood.pcap,28:6d:97:7a:2b:2d,1772
DDoS-TCP_Flood.pcap,00:17:88:60:d6:4f,1479
DDoS-TCP_Flood.pcap,ac:17:02:05:34:27,30883
DDoS-TCP_Flood.pcap,c4:dd:57:13:07:c6,1144
DDoS-TCP_Flood.pcap,01:80:c2:00:00:00,949
DDoS-TCP_Flood.pcap,00:a3:d1:07:6f:03,1490
DDoS-TCP_Flood.pcap,10:2c:6b:1b:43:be,4467
DDoS-TCP_Flood.pcap,34:75:63:73:f3:36,1384
DDoS-TCP_Flood.pcap,d4:a6:51:21:6c:29,615
DDoS-TCP_Flood.pcap,08:3a:f2:1f:bc:68,1212
DDoS-TCP_Flood.pcap,d4:a6:51:76:06:64,800
DDoS-TCP_Flood.pcap,d4:a6:51:78:97:4e,637
DDoS-TCP_Flood.pcap,d4:a6:51:20:91:d1,739
DDoS-TCP_Flood.pcap,cc:f4:11:9c:d0:00,3940
DDoS-TCP_Flood.pcap,50:14:79:37:80:18,189
DDoS-TCP_Flood.pcap,c4:dd:57:0c:39:94,1138
DDoS-TCP_Flood.pcap,33:33:00:00:00:02,176
DDoS-TCP_Flood.pcap,00:02:75:f6:e3:cb,96
DDoS-TCP_Flood.pcap,01:00:0c:cc:cc:cc,99
DDoS-TCP_Flood.pcap,01:00:0c:00:00:00,64
DDoS-TCP_Flood.pcap,10:5a:17:97:a5:c6,1384
DDoS-TCP_Flood.pcap,f4:cf:a2:34:48:6b,1138
DDoS-TCP_Flood.pcap,3c:37:86:6f:b9:51,763
DDoS-TCP_Flood.pcap,84:e3:42:42:ed:0b,1287
DDoS-TCP_Flood.pcap,50:02:91:10:ac:d8,1145
DDoS-TCP_Flood.pcap,50:02:91:10:09:8f,1064
DDoS-TCP_Flood.pcap,24:a1:60:14:7f:f9,957
DDoS-TCP_Flood.pcap,b8:5f:98:d0:76:e6,1680
DDoS-TCP_Flood.pcap,b0:09:da:3e:82:6b,843
DDoS-TCP_Flood.pcap,50:02:91:b1:68:0c,842
DDoS-TCP_Flood.pcap,50:02:91:1a:ce:e1,1018
DDoS-TCP_Flood.pcap,84:7a:b6:64:62:58,1166
DDoS-TCP_Flood.pcap,70:ee:50:6b:a8:1a,1620
DDoS-TCP_Flood.pcap,2c:d2:6b:66:d2:87,1391
DDoS-TCP_Flood.pcap,18:69:d8:eb:d4:3e,1240
DDoS-TCP_Flood.pcap,08:7c:39:ce:6e:2a,4150
DDoS-TCP_Flood.pcap,9c:8e:cd:1d:ab:9f,3781
DDoS-TCP_Flood.pcap,7c:a7:b0:cd:18:32,556
DDoS-TCP_Flood.pcap,1c:9d:c2:8c:9a:94,1020
DDoS-TCP_Flood.pcap,70:ee:50:68:0e:32,3381
DDoS-TCP_Flood.pcap,40:5d:82:35:14:c8,6699
DDoS-TCP_Flood.pcap,d4:ad:fc:29:c8:a2,929
DDoS-TCP_Flood.pcap,1c:12:b0:9b:0c:ec,7431079
DDoS-TCP_Flood.pcap,2c:71:ff:05:f1:15,11341
DDoS-TCP_Flood.pcap,c0:e7:bf:0a:79:d1,1293
DDoS-TCP_Flood.pcap,24:05:88:30:6f:89,1262
DDoS-TCP_Flood.pcap,01:00:5e:00:00:16,91
DDoS-TCP_Flood.pcap,84:7a:b6:62:3a:6c,704
DDoS-TCP_Flood.pcap,68:57:2d:56:ac:47,336
DDoS-TCP_Flood.pcap,28:6d:97:9e:f4:d5,1798
DDoS-TCP_Flood.pcap,ee:06:3b:b8:d1:df,3605
DDoS-TCP_Flood.pcap,a0:d0:dc:c4:08:ff,4295719
DDoS-TCP_Flood.pcap,01:00:5e:00:00:fb,899
DDoS-TCP_Flood.pcap,6c:5a:b0:44:1d:90,1270
DDoS-TCP_Flood.pcap,30:23:03:f3:84:2b,569
DDoS-TCP_Flood.pcap,8c:85:80:6c:b6:47,1393
DDoS-TCP_Flood.pcap,dc:a6:32:c9:e5:02,23
DDoS-TCP_Flood.pcap,01:00:5e:7f:ff:fa,437
DDoS-TCP_Flood.pcap,01:00:5e:7f:ff:fb,16
DDoS-TCP_Flood.pcap,01:00:5e:00:00:fa,16
DDoS-TCP_Flood.pcap,b0:c5:54:59:2e:99,511
DDoS-TCP_Flood.pcap,33:33:00:00:00:fb,603
DDoS-TCP_Flood.pcap,d0:73:d5:35:fb:c8,88
DDoS-TCP_Flood.pcap,dc:a6:32:c9:e6:f4,22
DDoS-TCP_Flood.pcap,d4:81:d7:97:d0:29,373
DDoS-TCP_Flood.pcap,33:33:00:00:00:16,322
DDoS-TCP_Flood.pcap,33:33:ff:94:83:cc,16
DDoS-TCP_Flood.pcap,33:33:00:01:00:02,32
DDoS-TCP_Flood.pcap,e8:1b:69:f8:d4:e3,2271
DDoS-TCP_Flood.pcap,5c:26:0a:28:80:77,371
DDoS-TCP_Flood.pcap,33:33:ff:06:7e:cf,16
DDoS-TCP_Flood.pcap,dc:a6:32:c9:e4:c6,35
DDoS-TCP_Flood.pcap,30:23:03:f3:57:cb,293
DDoS-TCP_Flood.pcap,01:00:5e:00:00:01,10
DDoS-TCP_Flood.pcap,33:33:00:00:0c:0c,3
DDoS-TCP_Flood.pcap,33:33:00:0c:00:0c,3
DDoS-TCP_Flood.pcap,33:33:ff:55:2a:20,7
DDoS-TCP_Flood.pcap,33:33:ff:05:f1:15,1
DDoS-TCP_Flood.pcap,33:33:ff:f6:e3:cb,2
DDoS-TCP_Flood.pcap,33:33:ff:9c:d0:00,2
DDoS-TCP_Flood.pcap,33:33:ff:ce:6e:2a,3
DDoS-TCP_Flood.pcap,00:00:00:00:00:00,1
DDoS-TCP_Flood.pcap,33:33:ff:9b:0c:ec,3
DDoS-TCP_Flood.pcap,33:33:ff:6b:a8:1a,2
DDoS-TCP_Flood.pcap,ac:f1:08:4e:00:82,1037
DDoS-TCP_Flood.pcap,b0:09:da:3e:82:6c,22
DDoS-TCP_Flood.pcap,33:33:ff:35:fb:c8,3
DDoS-TCP_Flood.pcap,33:33:ff:68:0e:32,1
DDoS-TCP_Flood.pcap,33:33:ff:4e:00:82,1
DDoS-UDP_Flood.pcap,3c:18:a0:41:c3:a0,114095
DDoS-UDP_Flood.pcap,c4:dd:57:13:07:c6,905
DDoS-UDP_Flood.pcap,dc:a6:32:dc:27:d5,3921753
DDoS-UDP_Flood.pcap,00:17:88:60:d6:4f,1419
DDoS-UDP_Flood.pcap,70:ee:50:68:0e:32,1039
DDoS-UDP_Flood.pcap,ff:ff:ff:ff:ff:ff,22187
DDoS-UDP_Flood.pcap,10:5a:17:97:a5:c6,1276
DDoS-UDP_Flood.pcap,44:bb:3b:00:39:07,2741
DDoS-UDP_Flood.pcap,c4:dd:57:0c:39:94,1032
DDoS-UDP_Flood.pcap,ac:17:02:05:34:27,30589
DDoS-UDP_Flood.pcap,50:02:91:10:09:8f,1067
DDoS-UDP_Flood.pcap,b0:f1:ec:d3:e7:98,5428
DDoS-UDP_Flood.pcap,50:02:91:b1:68:0c,1052
DDoS-UDP_Flood.pcap,f4:cf:a2:34:48:6b,995
DDoS-UDP_Flood.pcap,7c:78:b2:86:0d:81,3134
DDoS-UDP_Flood.pcap,2c:71:ff:05:f1:15,3034
DDoS-UDP_Flood.pcap,08:7c:39:ce:6e:2a,4872
DDoS-UDP_Flood.pcap,a0:d0:dc:c4:08:ff,3865715
DDoS-UDP_Flood.pcap,3c:37:86:6f:b9:51,713
DDoS-UDP_Flood.pcap,24:a1:60:14:7f:f9,1115
DDoS-UDP_Flood.pcap,01:80:c2:00:00:00,937
DDoS-UDP_Flood.pcap,00:a3:d1:07:6f:03,1472
DDoS-UDP_Flood.pcap,d4:a6:51:30:64:b7,1602
DDoS-UDP_Flood.pcap,cc:f4:11:9c:d0:00,2566
DDoS-UDP_Flood.pcap,b8:f0:09:03:9a:af,995
DDoS-UDP_Flood.pcap,01:00:0c:cc:cc:cc,98
DDoS-UDP_Flood.pcap,01:00:0c:00:00:00,63
DDoS-UDP_Flood.pcap,d4:a6:51:78:97:4e,500
DDoS-UDP_Flood.pcap,01:00:5e:00:00:16,71
DDoS-UDP_Flood.pcap,00:02:75:f6:e3:cb,545
DDoS-UDP_Flood.pcap,33:33:00:00:00:16,285
DDoS-UDP_Flood.pcap,44:01:bb:ec:10:4a,1667
DDoS-UDP_Flood.pcap,01:00:5e:00:00:fb,581
DDoS-UDP_Flood.pcap,33:33:00:00:00:fb,399
DDoS-UDP_Flood.pcap,6c:5a:b0:44:1d:90,2699
DDoS-UDP_Flood.pcap,8c:85:80:6c:b6:47,1164
DDoS-UDP_Flood.pcap,70:ee:50:6b:a8:1a,1794
DDoS-UDP_Flood.pcap,84:7a:b6:64:62:58,891
DDoS-UDP_Flood.pcap,d4:a6:51:21:6c:29,768
DDoS-UDP_Flood.pcap,9c:8e:cd:1d:ab:9f,3220
DDoS-UDP_Flood.pcap,01:00:5e:7f:ff:fa,745
DDoS-UDP_Flood.pcap,18:69:d8:eb:d4:3e,1307
DDoS-UDP_Flood.pcap,b8:f0:09:03:29:79,991
DDoS-UDP_Flood.pcap,50:02:91:1a:ce:e1,1073
DDoS-UDP_Flood.pcap,50:02:91:10:ac:d8,1002
DDoS-UDP_Flood.pcap,d4:a6:51:20:91:d1,775
DDoS-UDP_Flood.pcap,d4:81:d7:97:d0:29,369
DDoS-UDP_Flood.pcap,c0:e7:bf:0a:79:d1,986
DDoS-UDP_Flood.pcap,68:57:2d:56:ac:47,373
DDoS-UDP_Flood.pcap,10:2c:6b:1b:43:be,3210
DDoS-UDP_Flood.pcap,08:3a:f2:1f:bc:68,1261
DDoS-UDP_Flood.pcap,84:e3:42:42:ed:0b,1298
DDoS-UDP_Flood.pcap,40:5d:82:35:14:c8,5013
DDoS-UDP_Flood.pcap,d4:a6:51:76:06:64,857
DDoS-UDP_Flood.pcap,1c:fe:2b:98:16:dd,13548243
DDoS-UDP_Flood.pcap,50:14:79:37:80:18,382
DDoS-UDP_Flood.pcap,28:6d:97:7a:2b:2d,1820
DDoS-UDP_Flood.pcap,28:6d:97:9e:f4:d5,1931
DDoS-UDP_Flood.pcap,1c:9d:c2:8c:9a:94,801
DDoS-UDP_Flood.pcap,b0:09:da:3e:82:6b,616
DDoS-UDP_Flood.pcap,b8:5f:98:d0:76:e6,1502
DDoS-UDP_Flood.pcap,34:75:63:73:f3:36,1184
DDoS-UDP_Flood.pcap,d0:73:d5:35:fb:c8,97
DDoS-UDP_Flood.pcap,24:05:88:30:6f:89,891
DDoS-UDP_Flood.pcap,2c:d2:6b:66:d2:87,857
DDoS-UDP_Flood.pcap,7c:a7:b0:cd:18:32,433
DDoS-UDP_Flood.pcap,e8:1b:69:f8:d4:e3,1660
DDoS-UDP_Flood.pcap,e8:1b:69:f8:d6:e6,1097
DDoS-UDP_Flood.pcap,ee:06:3b:b8:d1:df,10186
DDoS-UDP_Flood.pcap,33:33:00:00:00:02,129
DDoS-UDP_Flood.pcap,e4:5f:01:55:90:c4,4100405
DDoS-UDP_Flood.pcap,84:7a:b6:62:3a:6c,689
DDoS-UDP_Flood.pcap,dc:a6:32:c9:e4:90,3577572
DDoS-UDP_Flood.pcap,dc:a6:32:c9:e4:d5,3818602
DDoS-UDP_Flood.pcap,dc:a6:32:c9:e5:a4,3603275
DDoS-UDP_Flood.pcap,dc:a6:32:c9:e4:ab,4078847
DDoS-UDP_Flood.pcap,dc:a6:32:c9:e5:ef,3409410
DDoS-UDP_Flood.pcap,b0:c5:54:59:2e:99,518
DDoS-UDP_Flood.pcap,48:a6:b8:f9:1b:88,815
DDoS-UDP_Flood.pcap,30:23:03:f3:84:2b,746
DDoS-UDP_Flood.pcap,d4:ad:fc:29:c8:a2,781
DDoS-UDP_Flood.pcap,33:33:00:01:00:02,32
DDoS-UDP_Flood.pcap,01:00:5e:7f:ff:fb,6
DDoS-UDP_Flood.pcap,01:00:5e:00:00:fa,6
DDoS-UDP_Flood.pcap,30:23:03:f3:57:cb,591
DDoS-UDP_Flood.pcap,dc:a6:32:c9:e6:f4,9
DDoS-UDP_Flood.pcap,33:33:ff:05:f1:15,1
DDoS-UDP_Flood.pcap,5c:26:0a:28:80:77,372
DDoS-UDP_Flood.pcap,33:33:ff:06:7e:cf,16
DDoS-UDP_Flood.pcap,01:00:5e:00:00:01,9
DDoS-UDP_Flood.pcap,33:33:ff:94:83:cc,16
DDoS-UDP_Flood.pcap,33:33:ff:ce:6e:2a,2
DDoS-UDP_Flood.pcap,dc:a6:32:c9:e5:02,66
DDoS-UDP_Flood.pcap,33:33:ff:9c:d0:00,1
DDoS-UDP_Flood.pcap,ac:f1:08:4e:00:82,7044
DDoS-UDP_Flood.pcap,33:33:ff:4e:00:82,2
DDoS-UDP_Flood.pcap,1c:12:b0:9b:0c:ec,9109673
DDoS-UDP_Flood.pcap,dc:a6:32:c9:e4:c6,28
DDoS-UDP_Flood.pcap,33:33:ff:9b:0c:ec,1
DDoS-UDP_Fragmentation.pcap,44:bb:3b:00:39:07,6482
DDoS-UDP_Fragmentation.pcap,3c:18:a0:41:c3:a0,77890
DDoS-UDP_Fragmentation.pcap,24:05:88:30:6f:89,1067
DDoS-UDP_Fragmentation.pcap,40:5d:82:35:14:c8,11518
DDoS-UDP_Fragmentation.pcap,48:a6:b8:f9:1b:88,1324
DDoS-UDP_Fragmentation.pcap,28:6d:97:9e:f4:d5,802763
DDoS-UDP_Fragmentation.pcap,2c:d2:6b:66:d2:87,1110
DDoS-UDP_Fragmentation.pcap,7c:78:b2:86:0d:81,1763
DDoS-UDP_Fragmentation.pcap,8c:85:80:6c:b6:47,1285
DDoS-UDP_Fragmentation.pcap,33:33:00:00:00:16,347
DDoS-UDP_Fragmentation.pcap,56:4f:8a:e1:f3:2d,3138
DDoS-UDP_Fragmentation.pcap,ff:ff:ff:ff:ff:ff,25185
DDoS-UDP_Fragmentation.pcap,b8:f0:09:03:29:79,1354
DDoS-UDP_Fragmentation.pcap,9c:8e:cd:1d:ab:9f,189956
DDoS-UDP_Fragmentation.pcap,24:a1:60:14:7f:f9,1100
DDoS-UDP_Fragmentation.pcap,01:00:0c:cc:cc:cc,111
DDoS-UDP_Fragmentation.pcap,00:a3:d1:07:6f:03,1660
DDoS-UDP_Fragmentation.pcap,ac:f1:08:4e:00:82,7155
DDoS-UDP_Fragmentation.pcap,a0:d0:dc:c4:08:ff,13342
DDoS-UDP_Fragmentation.pcap,01:80:c2:00:00:00,1056
DDoS-UDP_Fragmentation.pcap,08:7c:39:ce:6e:2a,4622
DDoS-UDP_Fragmentation.pcap,50:02:91:10:09:8f,1209
DDoS-UDP_Fragmentation.pcap,50:02:91:10:ac:d8,1176
DDoS-UDP_Fragmentation.pcap,d4:a6:51:21:6c:29,691
DDoS-UDP_Fragmentation.pcap,70:ee:50:68:0e:32,1542
DDoS-UDP_Fragmentation.pcap,f4:cf:a2:34:48:6b,929
DDoS-UDP_Fragmentation.pcap,28:6d:97:7a:2b:2d,2944
DDoS-UDP_Fragmentation.pcap,01:00:5e:00:00:16,122
DDoS-UDP_Fragmentation.pcap,01:00:5e:00:00:fb,1161
DDoS-UDP_Fragmentation.pcap,33:33:00:00:00:fb,573
DDoS-UDP_Fragmentation.pcap,b8:5f:98:d0:76:e6,1756
DDoS-UDP_Fragmentation.pcap,00:17:88:60:d6:4f,2535
DDoS-UDP_Fragmentation.pcap,70:ee:50:6b:a8:1a,504
DDoS-UDP_Fragmentation.pcap,01:00:5e:7f:ff:fa,895
DDoS-UDP_Fragmentation.pcap,44:01:bb:ec:10:4a,2073
DDoS-UDP_Fragmentation.pcap,1c:fe:2b:98:16:dd,743141
DDoS-UDP_Fragmentation.pcap,c4:dd:57:0c:39:94,1332
DDoS-UDP_Fragmentation.pcap,1c:12:b0:9b:0c:ec,2022
DDoS-UDP_Fragmentation.pcap,10:5a:17:97:a5:c6,1319
DDoS-UDP_Fragmentation.pcap,b8:f0:09:03:9a:af,1204
DDoS-UDP_Fragmentation.pcap,7c:a7:b0:cd:18:32,547
DDoS-UDP_Fragmentation.pcap,50:02:91:1a:ce:e1,1337
DDoS-UDP_Fragmentation.pcap,84:e3:42:42:ed:0b,2508
DDoS-UDP_Fragmentation.pcap,33:33:00:01:00:03,398
DDoS-UDP_Fragmentation.pcap,01:00:5e:00:00:fc,347
DDoS-UDP_Fragmentation.pcap,50:02:91:b1:68:0c,903
DDoS-UDP_Fragmentation.pcap,1c:9d:c2:8c:9a:94,1184
DDoS-UDP_Fragmentation.pcap,34:75:63:73:f3:36,1946
DDoS-UDP_Fragmentation.pcap,18:69:d8:eb:d4:3e,1144
DDoS-UDP_Fragmentation.pcap,dc:a6:32:dc:27:d5,120684
DDoS-UDP_Fragmentation.pcap,cc:f4:11:9c:d0:00,4757
DDoS-UDP_Fragmentation.pcap,c4:dd:57:13:07:c6,1154
DDoS-UDP_Fragmentation.pcap,d4:a6:51:78:97:4e,751
DDoS-UDP_Fragmentation.pcap,e8:1b:69:f8:d6:e6,505
DDoS-UDP_Fragmentation.pcap,d4:a6:51:20:91:d1,588
DDoS-UDP_Fragmentation.pcap,e4:5f:01:55:90:c4,109085
DDoS-UDP_Fragmentation.pcap,dc:a6:32:c9:e4:d5,548402
DDoS-UDP_Fragmentation.pcap,dc:a6:32:c9:e5:ef,292518
DDoS-UDP_Fragmentation.pcap,dc:a6:32:c9:e4:90,741974
DDoS-UDP_Fragmentation.pcap,dc:a6:32:c9:e5:a4,82396
DDoS-UDP_Fragmentation.pcap,dc:a6:32:c9:e4:ab,235646
DDoS-UDP_Fragmentation.pcap,2c:71:ff:05:f1:15,415746
DDoS-UDP_Fragmentation.pcap,3c:37:86:6f:b9:51,798
DDoS-UDP_Fragmentation.pcap,d4:a6:51:76:06:64,568
DDoS-UDP_Fragmentation.pcap,d4:ad:fc:29:c8:a2,1129
DDoS-UDP_Fragmentation.pcap,01:00:0c:00:00:00,71
DDoS-UDP_Fragmentation.pcap,50:14:79:37:80:18,191
DDoS-UDP_Fragmentation.pcap,68:57:2d:56:ac:47,334
DDoS-UDP_Fragmentation.pcap,b0:09:da:3e:82:6c,1074
DDoS-UDP_Fragmentation.pcap,b0:c5:54:59:2e:99,766
DDoS-UDP_Fragmentation.pcap,84:7a:b6:64:62:58,1063
DDoS-UDP_Fragmentation.pcap,00:02:75:f6:e3:cb,304
DDoS-UDP_Fragmentation.pcap,6c:5a:b0:44:1d:90,1120
DDoS-UDP_Fragmentation.pcap,33:33:00:00:00:01,118
DDoS-UDP_Fragmentation.pcap,d4:81:d7:97:d0:29,108
DDoS-UDP_Fragmentation.pcap,33:33:ff:9e:f4:d5,287
DDoS-UDP_Fragmentation.pcap,84:7a:b6:62:3a:6c,944
DDoS-UDP_Fragmentation.pcap,01:00:5e:7f:ff:fb,7
DDoS-UDP_Fragmentation.pcap,01:00:5e:00:00:fa,7
DDoS-UDP_Fragmentation.pcap,d0:73:d5:35:fb:c8,106
DDoS-UDP_Fragmentation.pcap,dc:a6:32:c9:e4:c6,113
DDoS-UDP_Fragmentation.pcap,33:33:00:01:00:02,33
DDoS-UDP_Fragmentation.pcap,e8:1b:69:f8:d4:e3,1679
DDoS-UDP_Fragmentation.pcap,33:33:00:00:00:02,89
DDoS-UDP_Fragmentation.pcap,dc:a6:32:c9:e5:02,110
DDoS-UDP_Fragmentation.pcap,5c:26:0a:28:80:77,404
DDoS-UDP_Fragmentation.pcap,33:33:ff:06:7e:cf,17
DDoS-UDP_Fragmentation.pcap,33:33:ff:7a:2b:2d,259
DDoS-UDP_Fragmentation.pcap,01:00:5e:00:00:01,5
DDoS-UDP_Fragmentation.pcap,33:33:ff:41:14:61,2
DDoS-UDP_Fragmentation.pcap,dc:a6:32:c9:e6:f4,70
DDoS-UDP_Fragmentation.pcap,33:33:ff:9c:d0:00,4
DDoS-UDP_Fragmentation.pcap,33:33:ff:00:00:00,2
DDoS-UDP_Fragmentation.pcap,33:33:ff:fb:ee:73,1
DDoS-UDP_Fragmentation.pcap,33:33:ff:05:c1:48,1
DDoS-UDP_Fragmentation.pcap,33:33:ff:05:f1:15,2
DDoS-UDP_Fragmentation.pcap,33:33:ff:8a:89:ce,1
DDoS-UDP_Fragmentation.pcap,33:33:ff:6d:7d:42,1
DDoS-UDP_Fragmentation.pcap,33:33:ff:6b:a8:1a,4
DDoS-UDP_Fragmentation.pcap,33:33:ff:35:fb:c8,3
DDoS-UDP_Fragmentation.pcap,33:33:ff:0f:19:15,1
DDoS-UDP_Fragmentation.pcap,33:33:ff:9a:49:4e,1
DDoS-UDP_Fragmentation.pcap,33:33:ff:fe:69:83,1
DDoS-UDP_Fragmentation.pcap,33:33:ff:e9:48:ff,1
DDoS-UDP_Fragmentation.pcap,33:33:ff:9a:cd:9f,1
DDoS-UDP_Fragmentation.pcap,33:33:ff:68:0e:32,2
DDoS-UDP_Fragmentation.pcap,33:33:ff:26:99:4f,1
DDoS-UDP_Fragmentation.pcap,33:33:ff:f8:9d:54,1
DDoS-UDP_Fragmentation.pcap,33:33:ff:ce:6e:2a,2
DDoS-UDP_Fragmentation.pcap,33:33:ff:f6:e3:cb,2
DDoS-UDP_Fragmentation.pcap,33:33:ff:1b:f1:5a,1
DDoS-UDP_Fragmentation.pcap,33:33:ff:3a:4a:1a,1
