attack,sent_TOP5,received_TOP5,total_TOP5,major_received_device,major_received_packets,top_camera,camera_received,camera_sent,camera_top_peer
DDoS-ACK_Fragmentation,"Raspberry Pi 4 2GB (555,586) | Raspberry Pi 4 8GB (486,229) | Raspberry Pi 4 2GB (360,659) | Raspberry Pi 4 2GB (268,720) | 8C:85:80:6C:B6:47 (268,504)","D-Link Mini Camera (878,305) | AMCREST WiFi Camera (564,673) | 8C:85:80:6C:B6:47 (544,412) | Raspberry Pi 4 8GB (114,608) | 50:02:91:B1:68:0C (96,547)","D-Link Mini Camera (886,583) | 8C:85:80:6C:B6:47 (812,916) | Raspberry Pi 4 2GB (611,977) | Raspberry Pi 4 8GB (600,837) | AMCREST WiFi Camera (577,351)",D-Link Mini Camera,878305,D-Link Mini Camera,878305,8278,Raspberry Pi 4 2GB
DDoS-HTTP_Flood-,"B0:F1:EC:D3:E7:98 (341,724) | DC:A6:32:C9:E5:02 (291,356) | DC:A6:32:C9:E4:C6 (280,682) | DC:A6:32:C9:E6:F4 (271,981) | AMCREST WiFi Camera (212,128)","AMCREST WiFi Camera (475,270) | Raspberry Pi 4 8GB (394,220) | Raspberry Pi 4 2GB (296,704) | Raspberry Pi 4 2GB (278,364) | Raspberry Pi 4 4GB (261,000)","AMCREST WiFi Camera (687,398) | Raspberry Pi 4 8GB (591,906) | D-Link Mini Camera (410,883) | Raspberry Pi 4 2GB (378,912) | Raspberry Pi 4 4GB (374,287)",AMCREST WiFi Camera,475270,AMCREST WiFi Camera,475270,212128,Raspberry Pi 4 8GB
DDoS-ICMP_Flood,"Raspberry Pi 4 8GB (4,753,338) | Raspberry Pi 4 2GB (4,495,002) | Raspberry Pi 4 4GB (4,244,031) | Raspberry Pi 4 2GB (4,196,879) | Raspberry Pi 4 2GB (4,191,590)","Amazon Alexa Echo Dot 1 (15,787,965) | Amazon Alexa Echo Spot (10,893,507) | 3C:18:A0:41:C3:A0 (36,447) | AC:17:02:05:34:27 (11,248) | 2C:71:FF:05:F1:15 (2,374)","Amazon Alexa Echo Dot 1 (15,790,245) | Amazon Alexa Echo Spot (10,902,511) | Raspberry Pi 4 8GB (4,754,582) | Raspberry Pi 4 2GB (4,496,383) | Raspberry Pi 4 4GB (4,245,146)",Amazon Alexa Echo Dot 1,15787965,Nest Indoor Camera,1870,2254,3C:18:A0:41:C3:A0
DDoS-ICMP_Fragmentation,"Raspberry Pi 4 2GB (394,462) | Raspberry Pi 4 4GB (357,008) | Raspberry Pi 4 2GB (347,052) | Raspberry Pi 4 2GB (254,412) | Raspberry Pi 4 2GB (229,161)","Amazon Alexa Echo Dot 1 (790,754) | Google Nest Mini Speaker (582,768) | Amazon Alexa Echo Spot (550,389) | 3C:18:A0:41:C3:A0 (46,717) | AC:17:02:05:34:27 (4,916)","Amazon Alexa Echo Dot 1 (794,383) | Google Nest Mini Speaker (596,090) | Amazon Alexa Echo Spot (553,828) | Raspberry Pi 4 2GB (396,117) | Raspberry Pi 4 4GB (358,980)",Amazon Alexa Echo Dot 1,790754,AMCREST WiFi Camera,2234,3181,3C:18:A0:41:C3:A0
DDoS-PSHACK_Flood,"Raspberry Pi 4 2GB (5,235,887) | Raspberry Pi 4 2GB (4,637,726) | Raspberry Pi 4 2GB (3,901,568) | Raspberry Pi 4 8GB (3,428,643) | Raspberry Pi 4 2GB (3,250,113)","Amazon Alexa Echo Dot 1 (12,994,828) | Amazon Alexa Echo Spot (11,382,204) | AMCREST WiFi Camera (1,960,013) | Raspberry Pi 4 2GB (77,625) | Raspberry Pi 4 8GB (52,806)","Amazon Alexa Echo Dot 1 (13,181,882) | Amazon Alexa Echo Spot (11,546,518) | Raspberry Pi 4 2GB (5,313,512) | Raspberry Pi 4 2GB (4,685,847) | Raspberry Pi 4 2GB (3,949,661)",Amazon Alexa Echo Dot 1,12994828,AMCREST WiFi Camera,1960013,5119,Raspberry Pi 4 8GB
DDoS-RSTFINFlood,"Raspberry Pi 4 8GB (4,745,664) | Raspberry Pi 4 2GB (4,356,533) | Raspberry Pi 4 2GB (3,931,508) | Raspberry Pi 4 4GB (3,919,801) | Raspberry Pi 4 2GB (3,389,510)","Amazon Alexa Echo Dot 1 (12,575,492) | 28:6D:97:9E:F4:D5 (11,989,659) | 2C:71:FF:05:F1:15 (2,023,560) | 3C:18:A0:41:C3:A0 (33,715) | Arlo Q Indoor Camera (4,620)","Amazon Alexa Echo Dot 1 (12,577,855) | 28:6D:97:9E:F4:D5 (11,990,715) | Raspberry Pi 4 8GB (4,745,693) | Raspberry Pi 4 2GB (4,356,563) | Raspberry Pi 4 2GB (3,931,542)",Amazon Alexa Echo Dot 1,12575492,Arlo Q Indoor Camera,4620,4126,3C:18:A0:41:C3:A0
DDoS-SYN_Flood,"Raspberry Pi 4 2GB (7,079,462) | Raspberry Pi 4 8GB (4,307,275) | Raspberry Pi 4 2GB (4,163,427) | Raspberry Pi 4 4GB (3,827,597) | Raspberry Pi 4 2GB (3,659,456)","Amazon Alexa Echo Spot (8,786,693) | Amazon Alexa Echo Dot 1 (7,655,917) | Google Nest Mini Speaker (6,701,211) | AMCREST WiFi Camera (2,870,769) | Raspberry Pi 4 2GB (87,516)","Amazon Alexa Echo Spot (8,957,322) | Amazon Alexa Echo Dot 1 (7,878,976) | Raspberry Pi 4 2GB (7,166,978) | Google Nest Mini Speaker (6,706,829) | Raspberry Pi 4 8GB (4,378,143)",Amazon Alexa Echo Spot,8786693,AMCREST WiFi Camera,2870769,14686,Raspberry Pi 4 2GB
DDoS-SlowLoris,"3C:18:A0:41:C3:A0 (376,053) | Arlo Q Indoor Camera (183,985) | D-Link Mini Camera (143,303) | TP-Link Tapo Camera (139,306) | Raspberry Pi 4 8GB (117,758)","3C:18:A0:41:C3:A0 (411,558) | Arlo Q Indoor Camera (162,541) | D-Link Mini Camera (144,434) | TP-Link Tapo Camera (141,488) | Raspberry Pi 4 8GB (103,300)","3C:18:A0:41:C3:A0 (787,611) | Arlo Q Indoor Camera (346,526) | D-Link Mini Camera (287,737) | TP-Link Tapo Camera (280,794) | Raspberry Pi 4 8GB (221,058)",Arlo Q Indoor Camera,162541,Arlo Q Indoor Camera,162541,183985,3C:18:A0:41:C3:A0
DDoS-SynonymousIP_Flood,"Raspberry Pi 4 2GB (7,855,183) | Raspberry Pi 4 2GB (5,342,461) | Raspberry Pi 4 2GB (3,141,716) | Raspberry Pi 4 2GB (3,052,290) | Raspberry Pi 4 4GB (3,024,878)","2C:71:FF:05:F1:15 (12,909,807) | AMCREST WiFi Camera (12,032,654) | 8C:85:80:6C:B6:47 (1,853,342) | 3C:18:A0:41:C3:A0 (19,404) | 56:4F:8A:E1:F3:2D (3,585)","2C:71:FF:05:F1:15 (12,912,353) | AMCREST WiFi Camera (12,033,708) | Raspberry Pi 4 2GB (7,855,210) | Raspberry Pi 4 2GB (5,342,487) | Raspberry Pi 4 2GB (3,141,745)",2C:71:FF:05:F1:15,12909807,AMCREST WiFi Camera,12032654,1054,Raspberry Pi 4 2GB
DDoS-TCP_Flood,"Raspberry Pi 4 8GB (6,170,232) | Raspberry Pi 4 2GB (4,191,762) | Raspberry Pi 4 2GB (3,678,970) | Raspberry Pi 4 2GB (3,433,848) | Raspberry Pi 4 2GB (3,330,284)","Amazon Alexa Echo Dot 1 (14,702,613) | Amazon Alexa Echo Spot (7,428,510) | A0:D0:DC:C4:08:FF (4,289,589) | 3C:18:A0:41:C3:A0 (62,746) | AC:17:02:05:34:27 (15,382)","Amazon Alexa Echo Dot 1 (14,706,446) | Amazon Alexa Echo Spot (7,431,079) | Raspberry Pi 4 8GB (6,170,941) | A0:D0:DC:C4:08:FF (4,295,719) | Raspberry Pi 4 2GB (4,191,792)",Amazon Alexa Echo Dot 1,14702613,Wyze Camera,6126,6889,3C:18:A0:41:C3:A0
DDoS-UDP_Flood,"Raspberry Pi 4 4GB (4,099,560) | Raspberry Pi 4 2GB (4,077,920) | Raspberry Pi 4 8GB (3,920,113) | Raspberry Pi 4 2GB (3,817,861) | Raspberry Pi 4 2GB (3,602,215)","Amazon Alexa Echo Dot 1 (13,541,168) | Amazon Alexa Echo Spot (9,105,800) | A0:D0:DC:C4:08:FF (3,859,789) | 3C:18:A0:41:C3:A0 (54,313) | AC:17:02:05:34:27 (15,193)","Amazon Alexa Echo Dot 1 (13,548,243) | Amazon Alexa Echo Spot (9,109,673) | Raspberry Pi 4 4GB (4,100,405) | Raspberry Pi 4 2GB (4,078,847) | Raspberry Pi 4 8GB (3,921,753)",Amazon Alexa Echo Dot 1,13541168,Arlo Q Indoor Camera,2333,2680,3C:18:A0:41:C3:A0
DDoS-UDP_Fragmentation,"Raspberry Pi 4 2GB (740,646) | Raspberry Pi 4 2GB (547,063) | Raspberry Pi 4 2GB (291,401) | Raspberry Pi 4 2GB (234,487) | Raspberry Pi 4 8GB (119,249)","28:6D:97:9E:F4:D5 (797,763) | Amazon Alexa Echo Dot 1 (734,536) | 2C:71:FF:05:F1:15 (411,284) | AMCREST WiFi Camera (186,934) | 3C:18:A0:41:C3:A0 (36,254)","28:6D:97:9E:F4:D5 (802,763) | Amazon Alexa Echo Dot 1 (743,141) | Raspberry Pi 4 2GB (741,974) | Raspberry Pi 4 2GB (548,402) | 2C:71:FF:05:F1:15 (415,746)",28:6D:97:9E:F4:D5,797763,AMCREST WiFi Camera,186934,3022,Raspberry Pi 4 2GB
