device_name,mac,sent_packets,received_packets,total_packets,received_to_sent_ratio,peak_attack,peak_attack_received
AMCREST WiFi Camera,9C:8E:CD:1D:AB:9F,298156,18135242,18433398,60.82447502490299,DDoS-SynonymousIP_Flood,12032654
D-Link Mini Camera,B0:C5:54:59:2E:99,333908,1256519,1590427,3.763061193319138,DDoS-ACK_Fragmentation,878305
Arlo Q Indoor Camera,40:5D:82:35:14:C8,226216,195213,421429,0.8629501761582905,DDoS-SlowLoris,162541
TP-Link Tapo Camera,6C:5A:B0:44:1D:90,154972,153983,308955,0.9936182431778439,DDoS-SlowLoris,141488
HeimVision Smart WiFi Camera,44:01:BB:EC:10:4A,98933,95905,194838,0.9693937372389674,DDoS-SlowLoris,90285
Nest Indoor Camera,44:BB:3B:00:39:07,93274,85412,178686,0.915711605467703,DDoS-SlowLoris,66702
Netatmo Camera,70:EE:50:68:0E:32,203939,49768,253707,0.24403746199862705,DDoS-SlowLoris,40167
Wyze Camera,7C:78:B2:86:0D:81,35793,28691,64484,0.801586858132648,DDoS-SlowLoris,9038
Home Eye Camera,34:75:63:73:F3:36,17040,12574,29614,0.7379261780411948,DDoS-SlowLoris,4944
SIMCAM 1S,10:2C:6B:1B:43:BE,14324,10710,25034,0.7477137870855148,DDoS-SYN_Flood,2926
Arlo Base Station,3C:37:86:6F:B9:51,11594,7690,19284,0.6633031479085812,DDoS-HTTP_Flood-,3171
Yi Indoor Camera,84:7A:B6:64:62:58,9221,7263,16484,0.7876816308826718,DDoS-SlowLoris,2209
Rbcior Camera,10:5A:17:97:A5:C6,12419,6756,19175,0.5440418679549114,DDoS-SlowLoris,1387
Yi Outdoor Camera,2C:D2:6B:66:D2:87,7473,6380,13853,0.8537597002943538,DDoS-SlowLoris,1434
Yi Indoor 2 Camera,84:7A:B6:62:3A:6C,7016,5868,12884,0.8363973207923614,DDoS-SlowLoris,2041
Borun/Sichuan-AI Camera,C0:E7:BF:0A:79:D1,5642,3258,8900,0.5775296827928407,DDoS-RSTFINFlood,816
Luohe Cam Dog Camera,7C:A7:B0:CD:18:32,4255,3018,7273,0.7093515037593985,DDoS-SlowLoris,759
